index,per_of_cn_semantics_0,seq_of_cn_semantics_0,per_of_cn_kwg_0,seq_of_cn_kwg_0,per_of_cn_sir_0,seq_of_cn_sir_0,per_of_en_semantics_0,seq_of_en_semantics_0,per_of_en_kwg_0,seq_of_en_kwg_0,per_of_en_sir_0,seq_of_en_sir_0,per_of_RecursivePara_semantics_0,seq_of_RecursivePara_semantics_0,per_of_RecursivePara_semantics_1,seq_of_RecursivePara_semantics_1,per_of_RecursivePara_semantics_2,seq_of_RecursivePara_semantics_2,per_of_RecursivePara_semantics_3,seq_of_RecursivePara_semantics_3,per_of_RecursivePara_semantics_4,seq_of_RecursivePara_semantics_4,per_of_RecursivePara_kwg_0,seq_of_RecursivePara_kwg_0,per_of_RecursivePara_kwg_1,seq_of_RecursivePara_kwg_1,per_of_RecursivePara_kwg_2,seq_of_RecursivePara_kwg_2,per_of_RecursivePara_kwg_3,seq_of_RecursivePara_kwg_3,per_of_RecursivePara_kwg_4,seq_of_RecursivePara_kwg_4,per_of_RecursivePara_SIR_0,seq_of_RecursivePara_SIR_0,per_of_RecursivePara_SIR_1,seq_of_RecursivePara_SIR_1,per_of_RecursivePara_SIR_2,seq_of_RecursivePara_SIR_2,per_of_RecursivePara_SIR_3,seq_of_RecursivePara_SIR_3,per_of_RecursivePara_SIR_4,seq_of_RecursivePara_SIR_4,per_of_PivotTranslation_semantics_0,seq_of_PivotTranslation_semantics_0,per_of_PivotTranslation_kwg_0,seq_of_PivotTranslation_kwg_0,per_of_PivotTranslation_sir_0,seq_of_PivotTranslation_sir_0,per_of_NormalTranslation_semantics_0,seq_of_NormalTranslation_semantics_0,per_of_NormalTranslation_kwg_0,seq_of_NormalTranslation_kwg_0,per_of_NormalTranslation_sir_0,seq_of_NormalTranslation_sir_0,per_of_inputs_cn_0,seq_of_inputs_cn_0,per_of_inputs_en_0,seq_of_inputs_en_0
0,70.70854187011719,590,30.29117774963379,576,30.29117774963379,503,44.12440490722656,358,24.798561096191406,360,24.798561096191406,212,69.24298095703125,183,58.39151763916016,152,53.12034225463867,205,50.74273681640625,279,26.872478485107425,213,24.90077781677246,251,35.305381774902344,313,24.26467514038086,240,77.89337921142578,285,77.89337921142578,270,147.5404052734375,143,133.404052734375,143,41.04154586791992,173,92.98589324951172,145,114.16030883789062,146,33.37716293334961,245,22.643617630004883,253,22.643617630004883,214,22.643617630004883,352,22.643617630004883,350,22.643617630004883,211,30.29117774963379,576,24.798561096191406,360
1,29.52860641479492,334,19.143516540527344,332,19.143516540527344,284,74.09873962402344,147,41.20077133178711,274,41.20077133178711,413,85.57758331298828,79,130.64450073242188,77,48.32439804077149,84,310.61151123046875,125,64.47695922851562,95,82.2556381225586,180,66.53227233886719,244,74.87519073486328,164,70.28227233886719,231,65.75520324707031,192,146.25038146972656,299,207.6334991455078,263,107.78038787841795,361,173.54234313964844,251,152.30450439453125,341,33.57124710083008,159,34.51359176635742,248,34.51359176635742,144,34.51359176635742,146,34.51359176635742,270,34.51359176635742,402,19.143516540527344,332,41.20077133178711,149
2,22.655977249145508,701,18.70230484008789,677,18.70230484008789,549,16.89993667602539,236,10.839313507080078,394,10.839313507080078,549,68.41114807128906,151,68.41114807128906,98,68.41114807128906,156,16.89993667602539,189,49.7236442565918,175,71.47469329833984,138,48.87306594848633,296,66.52999114990234,137,67.93009185791016,239,48.87306594848633,182,34.96935272216797,312,63.258392333984375,281,36.6023063659668,460,24.75492286682129,253,29.990310668945312,377,28.28741455078125,287,11.55340576171875,277,11.55340576171875,224,11.55340576171875,233,11.55340576171875,386,11.55340576171875,525,18.70230484008789,677,10.839313507080078,235
3,13.236478805541992,224,14.723978996276855,363,14.723978996276855,550,23.90001678466797,126,10.01304817199707,280,10.01304817199707,97,45.98645782470703,68,26.54604148864746,46,31.743072509765625,69,52.17707824707031,96,70.9642333984375,68,39.91559600830078,170,26.019798278808597,232,50.79415512084961,144,30.365856170654297,217,37.93045425415039,196,31.554235458374023,81,34.89361953735352,75,38.625972747802734,86,31.1628475189209,69,37.93045425415039,80,13.233166694641112,116,13.233166694641112,182,13.233166694641112,255,13.233166694641112,136,13.233166694641112,261,13.233166694641112,97,14.723978996276855,204,10.01304817199707,127
4,10.892293930053713,601,10.892293930053713,588,10.892293930053713,550,44.73966979980469,367,29.826824188232425,374,29.826824188232425,135,94.0988540649414,81,121.44319915771484,83,181.18760681152344,85,48.544960021972656,244,125.12010955810548,208,129.58084106445312,265,38.47271728515625,320,92.43101501464844,244,58.69157409667969,315,49.803897857666016,301,74.56343841552734,97,121.95735168457033,96,79.17339324951172,118,110.49037170410156,93,105.86035919189452,101,53.91243743896485,268,38.81140899658203,250,38.81140899658203,239,42.5997314453125,350,38.81140899658203,368,38.81140899658203,131,10.892293930053713,587,29.826824188232425,374
5,18.64967918395996,540,13.648704528808594,524,13.260092735290527,550,40.26885223388672,348,27.77106475830078,359,25.592304229736328,550,42.47027969360352,215,46.64363098144531,207,37.7188720703125,240,17.522010803222656,299,33.954742431640625,252,62.7740364074707,257,35.78514862060547,308,51.666107177734375,246,89.11563873291016,282,52.660343170166016,269,48.015419006347656,448,57.40167999267578,431,51.39202117919922,512,46.8851432800293,419,56.31438827514648,473,42.685794830322266,223,27.947978973388672,238,60.44259643554688,255,60.44259643554688,338,27.947978973388672,335,60.44259643554688,514,13.648704528808594,524,27.77106475830078,359
6,9.53868007659912,691,9.53868007659912,657,9.53868007659912,457,22.531965255737305,352,15.082517623901367,368,12.886232376098633,275,66.05762481689453,179,86.55509185791016,177,22.153675079345703,191,22.153675079345703,255,22.153675079345703,223,142.29873657226562,190,19.29030036926269,262,142.29873657226562,171,20.561166763305664,245,45.50357055664063,202,42.59751892089844,196,65.58048248291016,178,30.599830627441406,230,30.055713653564453,172,85.33528137207031,208,79.8701400756836,244,40.65901947021485,261,79.8701400756836,164,74.33683776855469,343,40.65901947021485,356,130.05767822265625,255,9.53868007659912,657,15.082517623901367,368
7,12.166820526123049,574,12.166820526123049,550,12.166820526123049,549,102.33829498291016,357,39.39418029785156,356,39.39418029785156,398,62.64459609985352,226,60.8453254699707,218,65.23204803466797,243,56.49143600463867,293,58.167030334472656,260,62.22179412841797,183,22.87073135375977,272,95.04816436767578,176,22.87073135375977,243,31.463014602661133,216,29.28542709350586,271,22.87073135375977,249,29.28542709350586,352,51.077430725097656,228,56.69393539428711,277,41.50321578979492,245,41.50321578979492,223,49.86663436889648,270,46.5462760925293,327,49.86663436889648,315,46.5462760925293,370,12.166820526123049,550,39.39418029785156,356
8,28.01449966430664,609,28.01449966430664,589,28.01449966430664,550,65.99765014648438,357,34.647483825683594,366,34.647483825683594,116,40.54835891723633,122,43.65879821777344,119,39.51071166992188,146,65.99765014648438,261,50.59720230102539,155,34.71420669555664,177,84.46687316894531,295,22.63750267028809,147,16.745893478393555,190,82.30774688720703,179,79.2982177734375,76,55.986854553222656,49,34.647483825683594,102,54.10945510864258,41,57.76128387451172,87,27.985519409179688,266,27.985519409179688,247,27.985519409179688,247,27.985519409179688,330,27.985519409179688,346,27.985519409179688,114,28.01449966430664,589,34.647483825683594,366
9,53.05836868286133,504,16.08818244934082,469,16.08818244934082,550,60.87602996826172,332,17.819032669067383,244,17.819032669067383,247,56.7995491027832,190,65.08213806152344,176,51.84689712524414,210,28.346529006958008,275,48.99354934692383,237,21.758363723754883,112,90.22003936767578,226,21.11515235900879,115,23.6752872467041,194,32.91469955444336,134,49.47523880004883,168,70.32467651367188,134,71.62777709960938,179,59.75115585327149,115,94.19339752197266,176,45.7420768737793,237,17.24062156677246,199,17.24062156677246,253,20.659225463867188,318,17.24062156677246,220,17.24062156677246,240,16.08818244934082,469,17.819032669067383,336
10,58.32206344604492,510,35.713836669921875,482,35.713836669921875,295,31.779003143310547,213,15.275840759277344,379,15.275840759277344,67,38.67058181762695,124,46.12178039550781,118,21.35186004638672,130,35.17053985595703,189,33.79131317138672,146,35.868507385253906,269,34.44033432006836,327,37.87243270874024,254,20.068702697753903,300,26.856184005737305,291,134.92555236816406,50,61.0869369506836,44,154.0062255859375,66,65.64630889892578,44,77.98212432861328,54,13.08769416809082,252,13.339652061462402,284,13.339652061462402,175,19.03111457824707,198,13.339652061462402,366,13.339652061462402,63,35.713836669921875,481,15.275840759277344,220
11,15.46561336517334,616,15.46561336517334,606,15.46561336517334,549,34.12928771972656,182,34.12928771972656,347,34.12928771972656,540,83.52962493896484,98,63.63865661621094,107,94.58374786376952,101,53.41567993164063,128,60.24195861816406,114,57.46689224243164,245,75.46096801757812,309,60.22900772094727,223,59.77452087402344,301,44.6617546081543,272,83.74494934082031,419,158.43739318847656,379,40.81144714355469,490,70.9104232788086,323,47.18336486816406,439,26.52229881286621,228,26.52229881286621,227,26.52229881286621,209,26.52229881286621,169,26.52229881286621,344,26.52229881286621,555,15.46561336517334,605,34.12928771972656,188
12,20.94314765930176,580,20.94314765930176,553,20.94314765930176,550,24.48231506347656,349,15.022727012634276,360,15.022727012634276,85,67.92180633544922,113,85.89031982421875,103,71.6532974243164,114,23.9175968170166,198,27.158559799194336,156,33.755733489990234,204,31.467641830444336,289,22.71741485595703,206,36.64111709594727,232,31.114673614501957,215,22.90318489074707,61,55.097755432128906,66,28.749042510986328,84,36.62295150756836,66,27.27231216430664,60,25.84225845336914,251,21.79278945922852,265,21.79278945922852,270,21.79278945922852,346,21.79278945922852,340,21.79278945922852,83,20.94314765930176,552,15.022727012634276,360
13,14.161473274230955,576,15.048456192016602,551,15.048456192016602,351,67.76070404052734,348,19.762836456298828,321,19.762836456298828,153,19.28815078735352,224,11.81865119934082,194,11.968978881835938,247,36.86129379272461,300,22.152814865112305,251,20.037084579467773,172,30.26366806030273,194,21.95267105102539,151,20.037084579467773,179,21.95267105102539,172,34.317386627197266,113,36.1449089050293,76,35.157108306884766,145,46.16168975830078,72,30.26366806030273,121,19.96751594543457,264,31.190031051635746,262,31.190031051635746,168,39.77043533325195,345,31.190031051635746,324,31.190031051635746,151,15.048456192016602,552,19.762836456298828,361
14,22.54251289367676,578,22.54251289367676,571,22.54251289367676,550,24.37372589111328,370,16.912452697753906,384,16.912452697753906,500,35.20058822631836,173,48.317718505859375,133,34.33283996582031,182,67.08537292480469,228,67.08537292480469,196,166.79356384277344,198,65.28052520751953,329,209.8409118652344,181,79.58208465576172,261,78.46568298339844,200,26.539609909057617,267,38.79224395751953,232,74.20537567138672,342,41.16541290283203,228,32.92634963989258,301,456.7013549804688,320,52.58735656738281,259,52.58735656738281,261,52.58735656738281,354,52.58735656738281,368,52.58735656738281,487,22.54251289367676,571,16.912452697753906,384
15,15.443756103515623,391,14.397075653076172,378,14.397075653076172,383,25.96857643127441,127,8.183496475219727,291,8.183496475219727,122,15.707240104675291,83,25.503217697143555,84,14.252680778503418,86,27.76804542541504,113,13.31138515472412,114,22.930498123168945,173,20.404281616210938,238,23.78423118591309,152,37.3499641418457,222,24.94555282592773,189,24.987462997436523,83,35.80326843261719,78,15.03586769104004,91,29.307825088500977,76,11.271035194396973,94,6.296433448791504,189,6.296433448791504,193,6.296433448791504,300,6.296433448791504,133,6.296433448791504,286,6.296433448791504,123,14.397075653076172,378,8.183496475219727,132
16,93.70929718017578,531,45.7822265625,513,45.7822265625,468,131.09829711914062,345,67.7835464477539,353,67.7835464477539,64,152.38526916503906,116,129.92503356933594,113,186.82960510253903,127,84.6113052368164,201,49.53734588623047,134,116.76332092285156,186,65.23245239257812,275,63.41071701049805,177,52.72115707397461,223,47.18121719360352,202,46.36728286743164,52,102.4999008178711,50,37.55098342895508,60,98.6768798828125,53,22.79690170288086,56,32.82021713256836,229,21.34312629699707,250,21.34312629699707,220,26.973485946655277,345,21.34312629699707,331,21.34312629699707,71,45.7822265625,512,67.7835464477539,353
17,18.30059051513672,534,14.292644500732422,513,14.292644500732422,516,30.13633728027344,362,20.42761993408203,275,20.42761993408203,550,88.22643280029297,199,108.52610778808594,195,49.438087463378906,210,37.70264434814453,293,60.473270416259766,254,65.38526916503906,165,38.26373672485352,216,44.43400955200195,158,36.77257537841797,178,88.23555755615234,167,70.16133117675781,256,54.98941040039063,238,24.935392379760746,422,54.86691284179688,224,42.11629486083984,280,54.86037063598633,242,18.636743545532227,253,18.636743545532227,264,18.636743545532227,354,18.636743545532227,269,18.636743545532227,531,14.292644500732422,513,20.42761993408203,367
18,15.565075874328612,644,11.3173189163208,613,11.3173189163208,550,50.43698120117188,352,9.509547233581545,358,9.509547233581545,100,34.19676208496094,156,34.19676208496094,146,40.48555755615234,162,48.23866653442383,211,40.48555755615234,175,25.760007858276367,198,32.5152587890625,294,32.41450500488281,121,62.41887664794922,257,26.73587226867676,213,21.91227149963379,84,24.85232925415039,80,28.627077102661133,86,22.64787101745605,80,22.27479362487793,84,7.210014343261719,263,8.751381874084473,269,8.751381874084473,247,14.642598152160645,349,8.751381874084473,366,8.007091522216797,99,11.3173189163208,612,9.509547233581545,358
19,9.53868007659912,559,9.53868007659912,534,9.53868007659912,507,33.885684967041016,353,17.298507690429688,355,21.58460807800293,549,53.654415130615234,194,74.11209869384766,186,20.693532943725582,205,37.30348587036133,284,37.30348587036133,251,30.27618789672852,222,34.884620666503906,309,34.42043685913086,210,18.74086570739746,271,50.03641128540039,217,34.884620666503906,363,34.884620666503906,307,21.58460807800293,410,20.11267471313477,227,34.884620666503906,385,36.86912536621094,268,58.48659896850586,236,63.439903259277344,237,50.10398864746094,345,58.48659896850586,356,39.16977310180664,523,9.53868007659912,534,17.298507690429688,355
20,9.091537475585938,544,9.091537475585938,519,9.091537475585938,336,54.129844665527344,338,21.744264602661133,353,21.744264602661133,167,92.46910095214844,138,119.72429656982422,118,65.50503540039062,151,46.318302154541016,248,81.20606231689453,152,40.9283332824707,196,23.591264724731445,291,75.36539459228516,174,52.38857269287109,238,35.13421630859375,214,58.257022857666016,134,89.66883850097656,126,45.294708251953125,156,41.7418212890625,109,42.8412971496582,145,30.882740020751957,229,22.839374542236328,250,22.839374542236328,151,23.5903434753418,317,22.839374542236328,336,22.839374542236328,161,9.091537475585938,519,21.744264602661133,353
21,13.323482513427734,592,13.40415382385254,556,13.40415382385254,392,27.697359085083008,356,8.173785209655762,352,8.173785209655762,143,49.5732421875,189,70.51547241210938,149,29.281328201293945,207,17.225662231445312,288,23.19219970703125,254,25.83640480041504,173,50.287574768066406,289,34.51022720336914,168,29.112266540527344,244,33.080081939697266,179,156.9329376220703,72,123.79971313476562,80,33.26432037353516,109,95.7467803955078,70,31.053850173950195,106,17.57850456237793,242,10.435995101928713,266,17.57850456237793,171,15.774435997009276,354,10.435995101928713,332,17.57850456237793,138,13.40415382385254,556,8.173785209655762,364
22,9.53868007659912,611,9.53868007659912,603,9.53868007659912,549,39.78217315673828,369,37.819366455078125,375,39.78217315673828,377,51.9752197265625,133,65.15691375732422,128,51.9752197265625,151,98.67137908935548,331,69.9729232788086,282,140.2296142578125,222,163.96644592285156,322,140.2296142578125,222,140.2296142578125,269,140.2296142578125,225,150.53826904296875,266,150.53826904296875,260,97.99249267578124,331,160.72821044921875,227,66.76417541503906,280,98.94922637939452,375,71.67390441894531,378,36.159088134765625,242,142.80970764160156,346,71.67390441894531,361,115.75051879882812,359,9.53868007659912,603,37.819366455078125,375
23,15.758328437805176,509,15.758328437805176,516,15.758328437805176,383,20.863689422607425,191,14.430520057678224,358,14.430520057678224,67,7.6068115234375,66,11.176100730895996,55,17.68475341796875,77,14.498584747314451,119,15.203481674194336,96,30.965316772460938,190,21.11163330078125,279,32.6258544921875,190,24.381521224975582,241,30.521692276000977,222,46.84001541137695,59,36.33864974975586,47,13.456028938293455,62,39.53095245361328,49,51.98221969604492,53,11.816295623779297,242,11.816295623779297,250,11.816295623779297,195,13.612356185913086,200,11.816295623779297,353,11.816295623779297,73,15.758328437805176,516,14.430520057678224,196
24,13.896471977233888,535,13.896471977233888,541,13.896471977233888,400,93.6371612548828,257,35.65745162963867,347,35.65745162963867,163,67.97257995605469,143,54.8617057800293,142,67.38037872314453,149,53.17766571044922,244,77.97364807128906,172,93.5316162109375,245,46.53311538696289,284,102.80813598632812,249,100.79926300048828,264,119.79533386230467,249,70.2419662475586,155,83.43142700195312,140,48.09494400024414,171,72.4520263671875,143,77.99878692626953,148,21.05464172363281,223,21.05464172363281,245,21.05464172363281,173,21.05464172363281,240,21.05464172363281,328,21.05464172363281,166,13.896471977233888,541,35.65745162963867,264
25,24.13796615600586,558,24.13796615600586,542,24.13796615600586,537,136.1396942138672,204,76.23101043701172,370,76.23101043701172,234,379.36468505859375,82,137.84413146972656,83,95.99588775634766,85,101.84661865234376,129,106.19717407226562,93,53.56388473510742,144,132.63511657714844,288,110.3492202758789,112,56.34817886352539,213,66.09101867675781,180,49.64721298217773,153,54.194217681884766,149,342.32940673828125,213,46.48305892944336,154,125.45340728759766,179,70.90916442871094,258,71.85670471191406,337,71.85670471191406,338,71.85670471191406,186,71.85670471191406,359,71.85670471191406,242,24.13796615600586,542,76.23101043701172,211
26,10.6046781539917,646,10.6046781539917,602,10.6046781539917,550,47.82672882080078,359,16.868343353271484,365,34.02503204345703,137,60.13717269897461,220,49.65333557128906,213,48.95718383789063,234,33.58023834228516,280,26.95401382446289,266,18.67743682861328,207,29.51665496826172,300,17.752164840698242,201,25.630603790283203,247,22.64143180847168,214,74.767333984375,92,47.5470085144043,89,28.207937240600582,107,46.04994201660156,87,22.64143180847168,97,34.72657012939453,276,16.727407455444336,240,34.72657012939453,221,34.72657012939453,356,16.727407455444336,352,34.72657012939453,138,10.6046781539917,602,16.868343353271484,365
27,9.53868007659912,542,9.53868007659912,524,9.53868007659912,490,22.631690979003903,353,17.900737762451172,359,14.86134147644043,82,22.631690979003903,221,22.631690979003903,221,22.631690979003903,221,22.631690979003903,243,22.631690979003903,221,67.10773468017578,189,26.07854461669922,321,42.820343017578125,165,21.142990112304688,255,57.55906295776367,209,14.86134147644043,76,22.199377059936523,69,14.86134147644043,81,22.199377059936523,69,14.86134147644043,76,38.099830627441406,250,31.48094749450684,313,28.295995712280277,214,13.313994407653809,322,31.48094749450684,343,11.694214820861816,81,9.53868007659912,523,17.900737762451172,359
28,15.624021530151367,562,17.577770233154297,541,17.577770233154297,549,15.783758163452148,359,15.783758163452148,360,15.783758163452148,148,27.703649520874023,127,105.11626434326172,116,25.74972915649414,200,25.74972915649414,293,26.156442642211918,217,31.84845924377441,278,41.61195755004883,328,22.28378295898437,264,26.47503471374512,311,40.03671646118164,290,40.820091247558594,90,63.88118362426758,88,27.703649520874023,102,31.921316146850582,85,27.703649520874023,101,34.50552749633789,248,17.518707275390625,325,17.518707275390625,235,15.054142951965332,360,17.518707275390625,355,17.518707275390625,151,17.577770233154297,540,15.783758163452148,360
29,12.77553939819336,367,12.77553939819336,516,12.77553939819336,543,65.92338562011719,317,31.988000869750977,352,31.988000869750977,491,229.8468475341797,125,49.13996505737305,102,152.18209838867188,136,58.93125915527344,170,218.6982421875,147,75.03856658935547,171,53.659515380859375,243,68.16592407226562,142,92.6905746459961,239,71.4636459350586,219,39.20945358276367,264,66.83042907714844,247,40.08160400390625,284,25.64164161682129,251,29.40755271911621,290,27.45706367492676,168,24.73113441467285,295,24.73113441467285,239,19.203872680664062,308,24.73113441467285,340,24.73113441467285,470,12.77553939819336,357,31.988000869750977,319
30,9.756617546081545,620,9.756617546081545,605,9.756617546081545,550,47.9775276184082,392,19.496856689453125,309,19.496856689453125,422,16.92149543762207,44,21.3729248046875,44,8.108743667602539,46,47.9775276184082,293,47.9775276184082,141,52.39675521850586,142,78.35015869140625,251,21.52243423461914,140,42.64218521118164,220,14.86758041381836,150,18.501617431640625,241,25.169883728027344,217,44.64850997924805,342,23.62068748474121,198,19.901586532592773,262,23.85244369506836,258,15.926090240478516,305,15.926090240478516,272,16.74543571472168,371,15.926090240478516,300,15.926090240478516,431,9.756617546081545,604,19.496856689453125,394
31,105.5264663696289,497,63.151004791259766,486,63.151004791259766,548,109.63591766357422,331,40.22600936889648,342,40.22600936889648,137,499.91162109375,209,383.58056640625,197,394.9236755371094,240,102.84735870361328,292,211.13819885253903,250,76.60140228271484,234,147.7260284423828,307,211.5070953369141,211,82.22297668457031,265,98.04839324951172,258,193.36827087402344,114,194.7082977294922,106,106.33297729492188,122,189.50379943847656,100,234.1440277099609,112,31.64603042602539,337,40.80538940429688,248,40.80538940429688,262,31.64603042602539,314,40.80538940429688,327,40.80538940429688,131,63.151004791259766,486,40.22600936889648,342
32,30.47458267211914,536,30.47458267211914,533,30.47458267211914,550,47.923866271972656,362,47.923866271972656,374,47.923866271972656,49,55.60586166381836,142,58.06383514404297,143,99.810302734375,158,47.31352996826172,320,67.14691162109375,188,89.1332015991211,238,39.438358306884766,323,45.117584228515625,238,44.970550537109375,264,65.47705078125,261,38.52668762207031,46,40.95688247680664,45,51.555301666259766,44,43.30231857299805,46,40.95688247680664,44,20.11498069763184,275,20.11498069763184,272,20.11498069763184,291,21.71024703979492,378,20.11498069763184,361,20.11498069763184,49,30.47458267211914,533,47.923866271972656,374
33,47.4929313659668,510,12.178367614746094,483,12.178367614746094,549,65.52731323242188,333,24.060060501098636,340,24.060060501098636,78,104.13385772705078,196,115.92230224609376,192,38.58670425415039,223,54.80974960327149,306,98.0848617553711,265,32.0823974609375,190,40.788822174072266,267,108.1150131225586,171,83.89678955078125,222,34.56378936767578,210,137.91139221191406,50,110.02398681640624,44,61.588829040527344,57,50.27806854248047,44,64.95347595214844,56,29.28806495666504,282,15.01194667816162,227,15.01194667816162,258,14.33831787109375,336,15.01194667816162,314,15.01194667816162,77,12.178367614746094,483,24.060060501098636,340
34,15.921730995178224,542,15.921730995178224,522,15.921730995178224,549,39.102569580078125,359,25.28888702392578,240,25.28888702392578,85,38.94724655151367,186,51.07774353027344,166,35.1619987487793,222,43.1670036315918,324,46.04570770263672,267,50.690696716308594,132,30.48359489440918,191,50.88688659667969,124,59.06156539916992,158,50.724246978759766,139,52.53470230102539,47,49.171504974365234,49,35.9588508605957,79,115.05485534667967,45,30.96342658996582,58,15.551173210144045,257,15.551173210144045,315,15.551173210144045,249,15.135462760925291,347,15.551173210144045,229,15.551173210144045,90,15.921730995178224,522,25.28888702392578,361
35,64.99492645263672,555,51.80161285400391,553,51.80161285400391,550,17.733375549316406,344,16.946853637695312,363,16.946853637695312,49,45.80915069580078,156,55.40973281860352,135,35.868133544921875,174,43.9100227355957,279,51.585487365722656,189,90.70838928222656,223,58.76726531982422,320,73.48171997070312,219,100.5592269897461,294,83.69688415527344,258,103.42491149902344,36,63.77183151245117,39,45.020469665527344,44,94.2786865234375,37,114.06710052490234,43,18.989307403564453,256,15.375007629394531,208,15.375007629394531,251,15.375007629394531,343,15.375007629394531,348,15.375007629394531,51,51.80161285400391,552,16.946853637695312,363
36,16.7066593170166,477,13.598834991455078,474,13.598834991455078,550,23.240583419799805,330,10.918031692504885,336,10.918031692504885,161,32.866214752197266,76,34.714393615722656,84,25.25352478027344,105,89.4948959350586,218,27.841026306152344,122,42.3646125793457,244,43.23122024536133,314,38.73424911499024,196,66.98359680175781,290,39.795989990234375,261,45.22942352294922,132,30.8870792388916,104,30.82767677307129,147,68.20536804199219,71,56.61421585083008,137,11.512548446655272,215,11.512548446655272,228,11.512548446655272,297,13.810884475708008,315,11.512548446655272,325,11.512548446655272,158,13.598834991455078,474,10.918031692504885,336
37,16.316797256469727,642,22.23324584960937,611,22.23324584960937,550,72.73819732666016,347,16.17257308959961,240,16.17257308959961,214,31.702985763549805,193,31.702985763549805,184,31.702985763549805,208,31.702985763549805,299,31.702985763549805,259,73.79380798339844,165,33.52287292480469,214,72.72734069824219,140,25.13132667541504,195,115.17709350585938,183,49.3195915222168,176,28.70741081237793,162,25.52991104125977,218,28.985876083374023,170,26.576539993286133,203,22.755651473999023,261,22.755651473999023,267,22.755651473999023,228,18.09370803833008,331,22.755651473999023,231,22.755651473999023,225,22.23324584960937,611,16.17257308959961,347
38,27.44136428833008,423,28.778831481933597,431,28.778831481933597,309,27.87257194519043,106,9.51933479309082,123,9.51933479309082,71,16.14888572692871,64,30.842622756958008,61,16.14888572692871,63,15.876016616821287,93,30.11312484741211,74,136.76295471191406,80,23.823055267333984,104,145.6034698486328,76,46.68161392211914,94,177.1642608642578,92,62.66039657592773,41,62.66039657592773,42,25.45677375793457,59,88.3370590209961,43,91.24288177490234,45,13.895904541015623,282,14.032958030700684,208,14.032958030700684,143,13.67042636871338,98,14.032958030700684,112,14.032958030700684,67,28.778831481933597,431,9.51933479309082,110
39,14.493611335754396,664,11.779672622680664,518,11.779672622680664,550,27.726539611816406,382,28.10948944091797,387,28.10948944091797,550,71.51276397705078,264,74.23096466064453,251,27.669958114624023,269,75.2250747680664,336,37.12354278564453,279,130.63330078125,187,102.6645050048828,268,55.85704803466797,172,220.46766662597656,232,168.7340087890625,226,58.08878326416016,365,56.64275360107422,326,37.33293533325195,424,43.51007843017578,311,52.97061538696289,397,34.77937698364258,278,28.19239997863769,236,28.19239997863769,221,33.85986328125,361,28.19239997863769,381,28.19239997863769,546,11.779672622680664,631,28.10948944091797,387
40,14.52054500579834,586,14.52054500579834,567,14.52054500579834,549,51.98037338256836,362,24.220129013061523,368,24.265270233154297,367,34.64727020263672,120,41.30148315429688,126,51.10002136230469,150,63.10068130493164,298,46.195091247558594,198,91.38483428955078,112,55.140228271484375,333,71.78961181640625,108,48.35263442993164,166,83.2776870727539,130,94.30520629882812,273,27.557130813598636,256,57.495750427246094,314,54.40760040283203,251,30.72345542907715,299,14.860319137573242,282,12.566675186157228,284,14.860319137573242,249,19.226884841918945,360,12.566675186157228,377,14.860319137573242,373,14.52054500579834,566,24.220129013061523,368
41,10.018695831298828,474,10.018695831298828,462,10.018695831298828,548,33.02162551879883,330,23.40689468383789,333,23.40689468383789,328,26.80628776550293,184,30.437122344970703,175,25.99029922485352,201,58.66686248779297,282,40.44610977172852,245,42.01977157592773,193,44.02474594116211,285,66.07762908935547,187,42.01977157592773,241,42.01977157592773,203,26.296876907348636,225,36.61514663696289,226,44.02474594116211,294,36.05154800415039,183,44.02474594116211,257,30.62967872619629,250,23.40689468383789,226,26.703968048095703,240,23.575613021850582,317,23.40689468383789,309,26.703968048095703,337,10.018695831298828,463,23.40689468383789,333
42,20.57473373413086,499,18.54388427734375,505,18.54388427734375,550,45.284786224365234,327,14.295019149780272,340,14.295019149780272,550,79.60881042480469,160,44.86751556396485,144,52.7387924194336,163,63.11151123046875,243,57.152381896972656,164,36.185848236083984,211,34.60983657836914,261,23.51315689086914,193,28.15423393249512,248,28.15423393249512,234,25.180879592895508,418,24.554967880249023,393,23.876983642578125,475,20.94893455505371,311,20.3504581451416,454,17.639812469482422,296,15.131429672241213,232,15.131429672241213,232,16.76524543762207,322,15.131429672241213,307,15.131429672241213,527,18.54388427734375,505,14.295019149780272,340
43,18.99323272705078,576,18.99323272705078,577,18.99323272705078,550,31.455753326416016,343,18.162811279296875,350,18.162811279296875,549,80.89339447021484,115,105.48294830322266,107,97.6569595336914,112,25.272558212280277,256,50.32344818115234,136,51.89495849609375,226,46.09504699707031,292,35.44684982299805,216,74.18415069580078,247,67.2266845703125,224,85.54473876953125,436,45.99776458740234,412,127.49047088623048,535,58.288368225097656,370,144.2915802001953,479,28.20061492919922,235,28.20061492919922,216,28.20061492919922,317,28.20061492919922,338,28.20061492919922,338,28.20061492919922,566,18.99323272705078,577,18.162811279296875,350
44,62.36746597290039,641,33.611331939697266,626,33.611331939697266,549,57.05479049682617,382,14.683548927307127,355,14.683548927307127,337,110.19068145751952,37,101.6202163696289,37,95.71778869628906,39,49.14111328125,246,81.63821411132812,63,17.730562210083008,225,22.041824340820312,315,23.12372589111328,164,22.336580276489254,274,22.808349609375,264,42.07169342041016,123,65.25382232666016,117,29.623619079589844,279,59.26985931396485,116,61.79557418823242,268,58.07626724243164,296,27.83739471435547,276,27.83739471435547,257,51.34041213989258,373,27.83739471435547,358,26.40548515319824,347,33.611331939697266,626,14.683548927307127,380
45,15.66956615447998,582,15.66956615447998,565,15.66956615447998,550,13.037516593933104,364,6.715758323669434,372,6.715758323669434,97,51.1069564819336,258,58.96684646606445,186,67.2424545288086,266,39.09965515136719,327,49.03325271606445,261,34.49449157714844,147,22.30170440673828,270,59.09320068359375,138,35.72670364379883,208,65.28152465820312,157,46.49972152709961,74,42.45290756225586,80,22.9908390045166,92,53.15907287597656,77,80.19976043701172,80,13.052594184875488,248,8.647842407226562,290,8.647842407226562,252,11.028000831604004,373,8.647842407226562,374,8.647842407226562,101,15.66956615447998,564,6.715758323669434,372
46,9.319525718688965,580,6.42738151550293,543,6.42738151550293,550,3.2929844856262207,342,3.2929844856262207,357,3.2929844856262207,550,22.220495223999023,134,36.47328567504883,119,29.976951599121094,148,27.60920143127441,188,24.17827796936035,157,104.55886840820312,189,40.61318206787109,299,202.0362091064453,165,50.246803283691406,248,52.70708084106445,221,47.47922134399414,267,30.10069274902344,250,28.86682510375977,430,31.174091339111328,233,41.11989974975586,320,3.2929844856262207,260,3.2929844856262207,255,3.2929844856262207,277,3.2929844856262207,326,3.2929844856262207,339,3.2929844856262207,543,6.42738151550293,543,3.2929844856262207,357
47,39.325477600097656,516,23.840795516967773,512,23.840795516967773,470,50.93645858764648,333,35.80996322631836,300,35.80996322631836,71,55.90511703491211,168,43.76350402832031,154,55.90511703491211,185,25.45878219604492,224,55.90511703491211,190,43.328121185302734,221,43.76350402832031,282,24.464561462402344,222,43.76350402832031,263,55.1708984375,244,43.76350402832031,71,24.464561462402344,72,75.85948181152344,69,54.01688003540039,69,43.76350402832031,66,22.360902786254883,208,22.360902786254883,204,22.360902786254883,196,22.360902786254883,322,22.360902786254883,294,22.360902786254883,70,23.840795516967773,512,35.80996322631836,320
48,27.83858299255371,534,24.706981658935547,510,24.706981658935547,550,33.865413665771484,345,18.11642265319824,354,18.11642265319824,550,43.32096481323242,211,30.668231964111328,205,54.64505386352539,226,21.014942169189453,289,40.54376983642578,234,47.52223587036133,175,22.30779266357422,261,49.88613510131836,168,65.5751953125,210,68.19700622558594,202,11.917325973510742,338,36.86008071899414,313,21.26531982421875,370,47.51226806640625,286,21.26531982421875,338,28.001619338989254,247,23.481637954711918,252,23.481637954711918,296,23.481637954711918,340,23.481637954711918,351,23.481637954711918,528,24.706981658935547,510,18.11642265319824,354
49,15.479066848754885,582,8.997721672058105,555,8.997721672058105,550,42.75078582763672,351,10.719358444213867,354,10.719358444213867,478,50.41091537475586,155,33.29203414916992,137,97.89739990234376,156,79.04456329345703,199,74.17647552490234,172,16.839786529541016,238,74.42121124267578,328,43.94532012939453,220,77.78907775878906,295,71.54441833496094,253,65.61998748779297,358,36.145355224609375,318,79.80968475341797,434,34.99029922485352,296,61.26680374145508,373,23.365005493164062,243,15.264162063598633,230,15.264162063598633,241,20.74979782104492,316,15.264162063598633,337,15.264162063598633,461,8.997721672058105,554,10.719358444213867,354
50,35.95169448852539,516,21.160499572753903,533,21.160499572753903,358,12.238006591796877,340,12.238006591796877,309,12.238006591796877,307,51.40444564819336,161,66.88201141357422,151,65.95602416992188,183,42.63507080078125,243,103.8382339477539,199,53.60393524169922,156,25.687950134277344,226,104.15977478027344,150,52.71539688110352,195,74.08358001708984,176,45.560691833496094,117,46.49552917480469,119,23.917333602905277,224,31.01643943786621,122,21.2009220123291,158,38.37309265136719,232,12.238006591796877,284,12.238006591796877,143,12.238006591796877,316,12.238006591796877,297,12.238006591796877,293,21.160499572753903,498,12.238006591796877,352
51,35.12894821166992,557,20.477861404418945,545,20.477861404418945,550,148.03411865234375,338,13.914782524108888,350,13.914782524108888,156,41.8670654296875,180,32.52695083618164,172,51.71536636352539,183,58.64957809448242,260,62.39194488525391,200,30.39895248413086,190,21.794937133789062,267,34.89915466308594,194,27.130393981933597,221,35.60222625732422,198,108.67188262939452,102,82.40352630615234,92,38.39613342285156,119,88.77244567871094,80,69.38764953613281,106,14.83438491821289,248,14.83438491821289,278,14.83438491821289,244,17.099803924560547,341,14.83438491821289,357,14.83438491821289,151,20.477861404418945,544,13.914782524108888,350
52,15.779988288879396,609,15.779988288879396,598,15.779988288879396,549,41.3604621887207,255,41.3604621887207,297,41.3604621887207,159,22.419448852539062,133,20.352075576782227,115,27.56580924987793,158,69.42723846435547,187,35.108985900878906,175,63.04170227050781,156,80.84439086914062,217,43.80670547485352,146,57.14679718017578,199,42.31411743164063,177,45.25479888916016,117,39.49114227294922,115,36.74055480957031,146,46.16170120239258,115,53.797325134277344,126,63.99530029296875,320,35.037559509277344,227,35.037559509277344,245,31.59177589416504,255,35.037559509277344,311,35.037559509277344,155,15.779988288879396,598,41.3604621887207,265
53,8.065557479858398,588,8.065557479858398,587,8.065557479858398,550,56.71645736694336,347,42.00922775268555,363,42.00922775268555,92,38.908729553222656,127,31.50520133972168,110,83.3891830444336,144,60.12355422973633,277,66.23103332519531,186,69.12069702148438,202,98.01566314697266,280,82.07009887695312,199,65.7669677734375,267,63.409175872802734,231,76.52094268798828,70,52.88809585571289,72,63.12649917602539,88,48.48817825317383,62,62.20859146118164,79,51.77947616577149,227,34.55109405517578,234,34.55109405517578,215,34.55109405517578,326,34.55109405517578,330,34.55109405517578,88,8.065557479858398,586,42.00922775268555,363
54,5.572348117828369,569,5.572348117828369,559,5.572348117828369,550,134.22506713867188,191,30.288331985473636,351,30.288331985473636,109,69.36978912353516,113,67.16840362548828,95,80.4525146484375,127,165.0639190673828,179,97.38060760498048,158,43.484710693359375,203,48.91912460327149,308,50.331485748291016,187,55.68981552124024,243,29.25189018249512,209,53.279571533203125,90,14.93850803375244,92,37.47614669799805,103,16.94819450378418,86,40.919715881347656,97,30.247011184692383,246,30.247011184692383,255,30.247011184692383,221,93.61202239990234,173,30.247011184692383,329,30.247011184692383,107,5.572348117828369,560,30.288331985473636,192
55,11.098162651062012,489,11.098162651062012,506,11.098162651062012,549,19.43449592590332,346,15.145902633666992,358,15.145902633666992,59,38.17388153076172,157,35.04642105102539,149,33.709808349609375,183,37.05476379394531,278,34.53713607788086,214,24.365447998046875,271,26.31134033203125,302,30.432615280151367,258,26.357812881469727,287,36.6263313293457,281,18.033348083496094,46,40.991310119628906,47,16.32723045349121,52,22.6995906829834,45,29.4179744720459,53,24.59984588623047,255,9.392964363098145,236,9.392964363098145,293,13.81440258026123,325,9.392964363098145,361,9.392964363098145,57,11.098162651062012,507,15.145902633666992,358
56,10.127912521362305,578,8.34498119354248,552,8.34498119354248,550,63.83961868286133,283,30.542835235595703,374,30.542835235595703,114,13.80788230895996,176,26.149133682250977,88,36.49007034301758,178,61.6868782043457,214,29.838817596435547,187,88.56210327148438,235,34.244571685791016,310,58.77320861816406,225,36.62460708618164,295,48.28877639770508,262,54.56207656860352,79,39.21126937866211,77,20.735382080078125,83,40.391510009765625,66,26.359018325805664,78,15.194255828857422,310,13.46665859222412,245,15.825026512145996,244,15.194255828857422,278,13.46665859222412,375,15.825026512145996,112,8.34498119354248,552,30.542835235595703,289
57,9.14616870880127,574,9.14616870880127,565,9.14616870880127,550,54.749019622802734,200,17.975658416748047,357,17.975658416748047,81,76.54228973388672,138,71.4573745727539,130,73.67837524414062,148,40.518951416015625,174,80.13187408447266,147,183.07992553710935,222,65.66922760009766,299,107.987548828125,209,123.5819091796875,246,133.5608367919922,239,73.26692962646484,63,64.64189910888672,57,144.59759521484375,68,75.24214935302734,44,72.46802520751953,62,23.217609405517575,255,14.939590454101562,281,14.939590454101562,245,14.939590454101562,200,14.939590454101562,354,14.939590454101562,84,9.14616870880127,565,17.975658416748047,198
58,14.96043872833252,628,15.350704193115234,603,15.350704193115234,485,71.01961517333984,331,24.952667236328125,371,24.952667236328125,233,39.55702209472656,199,46.13444900512695,188,74.1895980834961,202,24.16418838500977,231,39.52483367919922,204,80.99085235595703,247,24.952667236328125,339,84.14888763427734,235,45.35048675537109,272,102.9853057861328,268,51.46932220458984,139,127.37045288085938,126,39.99245834350586,217,99.72720336914062,127,55.14117813110352,178,8.375819206237793,340,15.131508827209473,259,15.131508827209473,222,15.131508827209473,349,15.131508827209473,377,15.131508827209473,241,15.350704193115234,603,24.952667236328125,336
59,11.915234565734863,525,11.915234565734863,520,11.915234565734863,414,34.92594146728516,203,13.13100814819336,366,13.13100814819336,256,25.49676513671875,68,142.5540313720703,63,23.68170166015625,88,34.92594146728516,107,20.31709098815918,93,25.931764602661133,207,40.33657836914063,281,24.60529136657715,204,41.714141845703125,229,24.76239776611328,226,102.17359161376952,179,37.54545974731445,176,25.587181091308597,235,31.4752197265625,159,27.840892791748047,202,14.80390453338623,238,14.80390453338623,251,14.80390453338623,204,15.34811019897461,188,14.80390453338623,333,14.80390453338623,255,11.915234565734863,519,13.13100814819336,207
60,10.846487045288086,533,10.846487045288086,530,10.846487045288086,535,23.76987838745117,318,13.990598678588867,352,13.990598678588867,212,25.22781181335449,133,25.22781181335449,110,30.625640869140625,136,30.569067001342773,204,37.29909896850586,156,84.29631042480469,180,30.1816520690918,265,82.0794906616211,156,52.17245864868164,233,63.7724723815918,188,43.64376068115234,108,50.65311050415039,87,30.799938201904297,164,71.7305908203125,78,56.29288482666016,115,22.17626571655273,355,20.99478530883789,353,20.99478530883789,325,15.089757919311523,303,20.99478530883789,343,20.99478530883789,213,10.846487045288086,530,13.990598678588867,317
61,18.228321075439453,555,18.228321075439453,445,18.228321075439453,549,25.77606010437012,253,16.954233169555664,334,16.67088508605957,488,20.08977699279785,142,24.08796501159668,131,37.31608963012695,160,42.62324142456055,214,37.8669319152832,196,47.544410705566406,160,34.38007736206055,300,49.98419952392578,146,50.726688385009766,251,73.78919982910156,191,38.27898406982422,374,59.541648864746094,322,46.516876220703125,435,68.43712615966797,308,66.2535171508789,388,18.140424728393555,241,16.10596466064453,186,24.70652198791504,240,15.16699504852295,260,16.10596466064453,332,18.140424728393555,327,18.228321075439453,530,16.954233169555664,258
62,12.815412521362305,513,12.815412521362305,517,12.815412521362305,486,32.72323226928711,346,18.570709228515625,357,18.570709228515625,45,78.27596282958984,200,73.01338195800781,188,79.1876220703125,220,73.28279113769531,318,85.71688079833984,264,52.42668533325195,200,42.28956985473633,307,51.42793655395508,170,56.45327758789063,266,44.026214599609375,226,51.5651969909668,41,40.31953048706055,41,56.17966842651367,47,36.80197525024414,28,41.505802154541016,41,27.32682228088379,235,27.32682228088379,258,27.32682228088379,250,27.32682228088379,334,27.32682228088379,332,27.32682228088379,44,12.815412521362305,516,18.570709228515625,357
63,16.055551528930664,545,16.055551528930664,522,16.055551528930664,550,51.965118408203125,360,25.753644943237305,367,25.753644943237305,190,53.70984649658203,179,53.70984649658203,158,54.76664352416992,188,51.965118408203125,308,73.59326171875,275,17.79665756225586,161,16.522546768188477,242,15.717467308044434,143,16.405942916870117,194,13.277774810791016,175,81.95829010009766,88,74.40045166015625,87,78.50894927978516,94,71.49691009521484,88,74.8613052368164,91,53.25275039672852,260,47.88774108886719,332,47.88774108886719,325,25.903350830078125,337,47.88774108886719,371,47.88774108886719,178,16.055551528930664,522,25.753644943237305,367
64,17.61777114868164,572,14.285602569580078,531,14.285602569580078,550,34.221431732177734,354,27.0341739654541,367,12.355090141296388,86,49.61238098144531,227,28.182695388793945,148,64.42705535888672,241,44.27391815185547,302,80.10395050048828,261,53.94405364990234,211,17.09550666809082,311,83.38143157958984,208,24.54770851135254,255,57.530303955078125,224,44.02154541015625,55,110.50186157226562,51,17.09550666809082,65,62.02764129638672,57,56.55437088012695,62,13.431800842285156,259,13.431800842285156,237,13.431800842285156,285,13.220684051513672,345,13.431800842285156,353,13.431800842285156,79,14.285602569580078,531,27.0341739654541,367
65,9.53868007659912,535,9.53868007659912,494,9.53868007659912,550,14.569089889526367,349,11.135786056518556,287,13.26541233062744,71,38.01128005981445,182,21.77742576599121,158,57.0861701965332,210,25.45892143249512,306,27.888818740844727,231,39.912445068359375,162,22.32947158813477,202,51.58868408203125,146,38.17143630981445,192,51.4375228881836,172,12.366972923278809,46,22.214757919311523,45,13.26541233062744,71,48.61439514160156,19,37.68467712402344,42,36.35926055908203,281,36.171329498291016,242,40.61344146728516,289,41.266578674316406,348,36.171329498291016,278,40.61344146728516,78,9.53868007659912,493,11.135786056518556,354
66,10.277904510498049,590,10.277904510498049,570,10.277904510498049,550,43.19550323486328,276,13.108698844909668,363,13.108698844909668,550,71.30821990966797,110,71.30821990966797,105,81.07942199707031,160,79.47894287109375,274,81.07942199707031,178,63.46337890625,135,21.84646797180176,195,61.79949569702149,103,23.095497131347656,165,58.12106323242188,146,64.93037414550781,359,91.09781646728516,335,34.70512008666992,459,169.99942016601562,299,59.57635498046875,388,20.682537078857425,249,16.433727264404297,257,16.433727264404297,266,47.24160385131836,268,16.433727264404297,358,16.433727264404297,541,10.277904510498049,571,13.108698844909668,271
67,11.198772430419922,597,11.198772430419922,591,11.198772430419922,550,25.617694854736328,375,25.617694854736328,384,25.617694854736328,91,33.77533721923828,142,55.324405670166016,129,33.949642181396484,180,34.85007095336914,313,26.42074203491211,212,59.53438568115234,210,17.35991668701172,303,45.67442321777344,198,35.213565826416016,267,63.95674133300781,224,29.46322631835937,80,36.194820404052734,81,35.503849029541016,93,23.81824493408203,79,28.174901962280277,92,19.38036727905273,259,19.38036727905273,264,19.38036727905273,254,19.38036727905273,376,19.38036727905273,367,19.38036727905273,85,11.198772430419922,590,25.617694854736328,384
68,11.659220695495604,525,11.659220695495604,518,11.659220695495604,550,71.0526123046875,188,13.713902473449709,351,13.713902473449709,324,46.60417175292969,50,46.60417175292969,52,88.82524871826172,48,66.3455810546875,165,52.40616226196289,57,23.436702728271484,260,34.98234939575195,320,16.733423233032227,247,22.68846702575684,303,20.25139808654785,280,42.64874649047852,271,44.39475631713867,249,26.26345443725586,303,26.63635635375977,245,37.193267822265625,297,13.09428596496582,244,13.09428596496582,246,13.09428596496582,263,10.676385879516602,195,13.09428596496582,350,13.09428596496582,309,11.659220695495604,518,13.713902473449709,192
69,12.71005630493164,540,12.285826683044434,527,12.285826683044434,549,44.651893615722656,349,26.307493209838867,359,26.307493209838867,83,73.44938659667969,162,46.87752151489258,163,36.51994705200195,175,45.8389778137207,234,41.57574081420898,179,50.80149841308594,199,54.89439010620117,241,25.506458282470703,191,40.49320602416992,231,35.307655334472656,215,42.06253433227539,63,26.11580848693848,67,19.394603729248047,66,50.68969345092773,57,38.86274719238281,63,44.955223083496094,245,50.45113754272461,259,50.45113754272461,256,53.79359436035156,342,50.45113754272461,347,50.45113754272461,75,12.285826683044434,526,26.307493209838867,359
70,18.54781913757324,573,18.54781913757324,569,18.54781913757324,549,22.49603271484375,350,11.920306205749512,356,11.920306205749512,397,67.3211898803711,324,69.5753402709961,323,44.494606018066406,327,25.327455520629883,349,25.022600173950195,337,250.6650238037109,250,43.0235710144043,323,235.45947265625,230,31.4646053314209,294,89.91339874267578,273,40.31001281738281,312,62.77203369140625,296,19.947237014770508,345,57.94001007080078,273,50.11286544799805,319,26.74578666687012,254,28.296836853027344,247,28.296836853027344,239,28.296836853027344,412,28.296836853027344,361,28.296836853027344,397,18.54781913757324,569,11.920306205749512,356
71,9.192317008972168,562,9.192317008972168,483,9.192317008972168,350,26.414936065673828,361,13.685802459716797,363,13.685802459716797,209,22.624486923217773,175,25.14233016967773,177,26.70221900939941,183,24.859861373901367,274,22.624486923217773,216,29.28083229064941,254,20.670869827270508,300,22.77839088439941,239,23.42815971374512,265,21.824373245239254,257,31.39334487915039,167,33.49363327026367,170,31.39334487915039,184,31.39334487915039,164,33.49363327026367,185,18.92239189147949,249,15.916440963745115,215,15.916440963745115,153,14.768802642822266,358,15.916440963745115,335,15.916440963745115,204,9.192317008972168,550,13.685802459716797,363
72,18.44355583190918,568,12.624833106994627,563,12.624833106994627,550,32.8390998840332,383,8.915314674377441,389,8.915314674377441,248,24.35008811950684,137,23.302553176879883,124,15.580357551574709,146,14.611348152160645,239,16.802288055419922,194,61.964115142822266,228,40.809600830078125,277,79.65840148925781,218,58.50028991699219,262,46.6795768737793,243,21.86650276184082,105,24.975759506225582,100,53.14803314208984,106,31.03567314147949,96,22.967315673828125,101,9.12751007080078,293,9.708176612854004,291,9.708176612854004,324,43.864891052246094,364,9.708176612854004,382,9.708176612854004,236,12.624833106994627,562,8.915314674377441,389
73,19.672178268432617,548,13.494842529296877,517,13.494842529296877,550,28.210309982299805,316,12.76907730102539,273,12.76907730102539,156,59.1420783996582,139,58.20074081420898,114,85.0377426147461,167,44.31866455078125,272,122.08908081054688,204,152.9335479736328,162,31.30755043029785,214,86.95553588867188,147,57.659549713134766,207,95.63909912109376,182,101.00794219970705,95,69.60381317138672,84,22.40128326416016,147,81.10431671142578,79,40.749420166015625,106,11.485013008117676,236,11.485013008117676,313,11.485013008117676,249,14.115944862365724,307,11.485013008117676,263,11.485013008117676,143,13.494842529296877,517,12.76907730102539,323
74,30.814327239990234,558,19.582107543945312,530,19.582107543945312,549,132.97555541992188,335,57.39754867553711,347,57.39754867553711,166,36.15707015991211,142,45.85105514526367,147,36.15707015991211,171,119.42666625976562,255,86.36251831054688,211,77.09555053710938,176,130.80239868164062,256,48.3836555480957,176,81.96208190917969,219,102.09523010253906,203,72.93832397460938,127,50.63014602661133,82,81.90574645996094,137,86.76876831054688,73,68.71955871582031,132,38.61458969116211,208,33.579627990722656,234,33.579627990722656,241,33.579627990722656,324,33.579627990722656,325,29.5634765625,161,19.582107543945312,530,57.39754867553711,347
75,26.200706481933597,339,20.54853630065918,478,20.54853630065918,316,97.5936050415039,328,43.25317001342773,262,43.25317001342773,130,133.2801971435547,177,69.01408386230469,148,152.72767639160156,183,186.54757690429688,251,85.08580780029297,226,26.33394432067871,173,131.0069580078125,229,37.47575378417969,152,34.326168060302734,199,33.04170608520508,183,97.95137786865234,56,53.001739501953125,57,44.25584030151367,96,76.43885040283203,57,30.440439224243164,63,52.44687271118164,175,52.851200103759766,319,52.851200103759766,175,25.754995346069336,318,52.851200103759766,257,52.851200103759766,125,20.54853630065918,319,43.25317001342773,348
76,10.629173278808594,546,10.629173278808594,546,10.629173278808594,549,45.95827865600586,340,21.528553009033203,350,21.528553009033203,550,255.15802001953125,183,373.3489379882813,171,128.66615295410156,190,54.57193756103516,249,157.11727905273438,206,53.1411018371582,236,59.47652816772461,290,46.06243896484375,219,57.47571563720703,246,93.93235778808594,245,61.873233795166016,394,61.38591384887695,372,119.2104034423828,469,103.0611572265625,335,103.38058471679688,446,30.811176300048828,225,13.298370361328123,265,13.298370361328123,235,19.38272476196289,325,13.298370361328123,346,13.298370361328123,517,10.629173278808594,546,21.528553009033203,350
77,32.14432907104492,522,16.043006896972656,510,16.043006896972656,550,35.202919006347656,338,23.41733932495117,344,23.41733932495117,149,28.23138999938965,137,46.07365417480469,123,40.72406768798828,145,55.91828536987305,301,83.45486450195312,277,44.80317306518555,194,54.911746978759766,300,47.78288269042969,154,57.01396942138672,256,51.50241470336914,223,53.00450897216797,102,60.074466705322266,74,40.93028259277344,153,52.7320442199707,53,48.99957275390625,118,22.69050025939941,235,31.496856689453125,261,31.496856689453125,283,28.608509063720703,301,31.496856689453125,338,22.69050025939941,157,16.043006896972656,510,23.41733932495117,344
78,15.812494277954102,697,15.812494277954102,656,15.812494277954102,550,114.73966979980467,401,42.73646926879883,407,42.73646926879883,67,40.274356842041016,195,45.61118698120117,181,23.832275390625,240,87.89398956298828,306,41.95346832275391,257,61.17805862426758,146,44.80400466918945,280,113.701904296875,141,90.02567291259766,261,109.7084503173828,150,25.736268997192383,23,25.736268997192383,23,19.919164657592773,24,24.944393157958984,22,19.919164657592773,24,19.51777648925781,293,19.51777648925781,290,19.51777648925781,232,24.89650535583496,423,19.51777648925781,392,19.51777648925781,70,15.812494277954102,656,42.73646926879883,407
79,19.0642147064209,383,19.0642147064209,261,19.0642147064209,550,17.207887649536133,293,11.099178314208984,300,11.099178314208984,169,36.44710922241211,134,40.3208122253418,121,25.34916114807129,138,20.614517211914062,226,20.614517211914062,148,21.8121337890625,174,20.614517211914062,269,18.66823959350586,172,17.016799926757812,230,13.035218238830566,210,18.071855545043945,137,11.718994140625,132,26.40587615966797,168,11.718994140625,137,22.58531188964844,165,13.759822845458984,185,10.617795944213867,125,10.617795944213867,311,10.617795944213867,281,10.617795944213867,296,10.617795944213867,163,19.0642147064209,382,11.099178314208984,300
80,12.044330596923828,327,12.044330596923828,339,12.044330596923828,549,45.44356918334961,135,30.702375411987305,136,30.702375411987305,57,193.5629119873047,50,51.31827926635742,58,106.8132095336914,74,64.05260467529297,103,70.63986206054688,92,48.949798583984375,90,39.06832504272461,111,38.59757232666016,84,25.6460075378418,108,49.85578918457031,94,69.47601318359375,45,51.87211990356445,35,40.48373794555664,63,56.35643005371094,36,66.7821044921875,58,17.066503524780273,240,17.066503524780273,255,17.066503524780273,260,17.066503524780273,132,17.066503524780273,135,17.066503524780273,56,12.044330596923828,339,30.702375411987305,136
81,11.177627563476562,606,11.177627563476562,602,11.177627563476562,549,180.62620544433597,369,52.8885612487793,375,52.8885612487793,549,284.0024719238281,198,186.1490478515625,183,247.44505310058597,192,105.52877807617188,307,111.73423767089844,238,221.99801635742188,202,96.7281723022461,326,291.6792907714844,202,102.38833618164062,273,324.7008361816406,232,117.12422943115234,456,58.24527359008789,456,204.60916137695312,514,137.4792938232422,432,90.54733276367188,489,203.5761260986328,252,51.56227111816406,273,52.04001998901367,251,42.31190872192383,338,51.56227111816406,374,52.04001998901367,545,11.177627563476562,602,52.8885612487793,375
82,29.426881790161133,563,16.16934585571289,541,16.16934585571289,550,26.105518341064453,356,13.799802780151367,359,13.799802780151367,325,12.009639739990234,130,17.245546340942383,131,12.009639739990234,170,22.605487823486328,308,12.009639739990234,265,9.791467666625977,228,26.141773223876957,287,14.787469863891602,213,13.81157684326172,241,9.129697799682615,232,33.05479431152344,214,23.87890243530273,194,35.02553176879883,255,23.210006713867188,164,33.841705322265625,230,10.482961654663086,250,10.482961654663086,236,10.482961654663086,259,9.53494644165039,338,10.482961654663086,357,10.482961654663086,285,16.16934585571289,541,13.799802780151367,359
83,18.138525009155277,493,18.138525009155277,491,18.138525009155277,439,43.27361297607422,328,28.01163482666016,338,28.01163482666016,290,46.27241134643555,225,45.05329132080078,209,41.86018753051758,240,95.54711151123048,250,53.98048782348633,237,53.89982604980469,206,100.63726806640624,280,147.90908813476562,187,64.9394760131836,242,47.68589782714844,218,31.28476333618164,220,35.51105499267578,215,44.73922348022461,258,31.28476333618164,194,57.3728141784668,240,33.73759841918945,216,33.73759841918945,231,33.73759841918945,196,37.79242706298828,314,33.73759841918945,325,33.73759841918945,291,18.138525009155277,491,28.01163482666016,338
84,46.60658264160156,548,39.38913345336914,545,39.38913345336914,407,53.37139129638672,347,28.50379753112793,357,28.50379753112793,81,153.81533813476562,157,106.11482238769533,137,145.1894989013672,195,116.95194244384766,292,158.44949340820312,227,67.36772155761719,186,54.12117004394531,290,47.69474411010742,165,44.78027725219727,245,44.59892272949219,207,63.838829040527344,45,77.42361450195312,53,107.08257293701172,57,126.9516372680664,42,116.04950714111328,54,42.35011672973633,222,42.35011672973633,239,42.35011672973633,179,175.1634521484375,319,42.35011672973633,355,42.35011672973633,83,39.38913345336914,544,28.50379753112793,357
85,11.3327054977417,572,11.3327054977417,549,11.3327054977417,549,156.0823974609375,343,92.60103607177734,367,92.60103607177734,421,161.3042755126953,153,157.74267578125,152,88.98727416992188,188,120.94204711914062,235,83.22484588623047,192,70.70348358154297,188,104.5205307006836,241,63.01573181152344,185,88.26732635498047,219,95.62787628173828,234,99.53849792480467,279,74.68128967285156,254,146.47364807128906,328,79.59700012207031,236,149.56533813476562,285,86.88288116455078,254,86.88288116455078,277,86.88288116455078,265,94.1421127319336,351,86.88288116455078,355,86.88288116455078,400,11.3327054977417,549,92.60103607177734,367
86,8.106330871582031,514,8.106330871582031,523,8.106330871582031,549,21.17906188964844,357,22.58627700805664,310,22.58627700805664,227,42.50397109985352,189,63.40694046020508,165,47.97327423095703,203,49.96539306640625,293,40.020626068115234,217,59.1050910949707,160,52.44289779663086,236,38.15868377685547,162,58.45377731323242,183,31.912206649780277,182,55.06154251098633,212,59.33622741699219,202,30.46628761291504,219,30.18390464782715,180,48.281005859375,224,23.17197608947754,335,23.17197608947754,280,23.17197608947754,273,21.960676193237305,350,23.17197608947754,317,23.17197608947754,227,8.106330871582031,523,22.58627700805664,364
87,31.554122924804688,536,31.554122924804688,388,31.554122924804688,550,42.71554183959961,218,14.713705062866213,354,14.713705062866213,122,92.33889770507812,75,49.59072494506836,64,121.3861083984375,93,55.20981979370117,150,54.05293273925781,117,53.65298080444336,172,63.92146682739258,247,45.800872802734375,167,34.38419342041016,222,67.77582550048828,186,25.338924407958984,77,32.867828369140625,75,58.76172256469727,100,26.302433013916016,67,33.172119140625,77,29.905221939086918,240,16.862762451171875,186,16.862762451171875,355,31.864614486694336,220,16.862762451171875,345,16.862762451171875,116,31.554122924804688,526,14.713705062866213,225
88,9.53868007659912,533,9.53868007659912,527,9.53868007659912,550,21.51400184631348,336,13.510993957519531,215,12.64633083343506,127,56.836204528808594,148,56.836204528808594,149,70.66687774658203,234,57.69475173950195,318,55.313114166259766,237,84.85700225830078,164,84.85700225830078,201,11.447245597839355,165,84.85700225830078,164,84.85700225830078,165,54.48736953735352,71,45.32199478149414,54,55.313114166259766,105,45.32199478149414,52,55.313114166259766,88,38.49676513671875,234,23.31879234313965,243,53.257694244384766,268,38.49676513671875,344,23.31879234313965,220,38.49676513671875,122,9.53868007659912,526,13.510993957519531,355
89,22.396764755249023,599,19.52406311035156,545,19.52406311035156,550,29.07470321655273,369,12.165172576904297,365,12.165172576904297,550,120.00035095214844,134,88.13312530517578,121,85.8812255859375,163,82.16825866699219,251,72.74028015136719,250,31.264408111572266,182,53.14373779296875,236,31.4787712097168,173,47.737449645996094,210,49.297359466552734,205,47.74245834350586,209,31.30764961242676,190,38.40006256103516,401,37.38005065917969,191,32.61647415161133,270,9.4480562210083,297,13.665014266967772,268,13.665014266967772,239,35.83991622924805,357,13.665014266967772,347,13.665014266967772,552,19.52406311035156,545,12.165172576904297,365
90,24.4653434753418,507,20.52957534790039,501,20.52957534790039,550,107.5775146484375,336,29.783477783203125,349,29.783477783203125,274,41.751712799072266,183,35.9442024230957,167,45.10285186767578,190,25.93708229064941,310,59.87222290039063,217,77.71308135986328,239,22.630725860595703,330,45.29008483886719,214,34.900917053222656,311,51.17320251464844,294,39.83366394042969,238,80.42593383789062,212,38.35796356201172,253,110.76848602294922,205,58.56389999389648,247,29.312143325805664,229,29.312143325805664,232,29.312143325805664,261,27.98580551147461,343,29.312143325805664,345,29.312143325805664,269,20.52957534790039,501,29.783477783203125,349
91,20.03945541381836,568,13.728561401367188,534,13.728561401367188,550,70.55398559570312,338,23.3530216217041,365,23.3530216217041,105,95.35590362548828,153,72.22357940673828,120,91.965576171875,186,121.81390380859376,268,106.43833923339844,253,97.63270568847656,294,72.24189758300781,340,44.64806365966797,239,83.45848846435547,326,97.63270568847656,300,59.62833786010742,102,61.82858276367188,95,67.99549865722656,105,98.64442443847656,93,62.65576553344727,103,70.02239227294922,268,22.656957626342773,295,22.656957626342773,332,23.157793045043945,328,22.656957626342773,359,22.656957626342773,105,13.728561401367188,534,23.3530216217041,347
92,29.43190574645996,544,16.61734390258789,516,16.61734390258789,550,65.24940490722656,354,8.69743824005127,363,8.69743824005127,454,50.51206970214844,139,31.60477066040039,136,26.63374710083008,155,23.73138999938965,246,33.145198822021484,162,47.89308166503906,262,21.08195686340332,329,28.196298599243164,258,32.9588623046875,304,32.70103454589844,286,40.328521728515625,276,51.26058197021485,235,20.278047561645508,397,98.8648452758789,233,22.792428970336918,343,11.62624740600586,224,10.529474258422852,218,13.83749294281006,239,20.282079696655277,336,10.529474258422852,353,13.83749294281006,438,16.61734390258789,551,8.69743824005127,363
93,11.968096733093262,477,10.926517486572266,482,10.926517486572266,550,41.81394577026367,318,35.20573425292969,328,35.20573425292969,106,36.769962310791016,156,41.03752517700195,146,50.19202423095703,167,44.2089958190918,251,53.546085357666016,224,116.38166809082033,216,106.10789489746094,275,58.833045959472656,211,126.92253875732422,256,88.39988708496094,225,74.49020385742188,82,77.0975341796875,78,67.03532409667969,96,50.09040832519531,81,84.62857818603516,93,22.731857299804688,203,21.916257858276367,225,21.916257858276367,226,20.20957374572754,308,21.916257858276367,293,21.916257858276367,98,10.926517486572266,481,35.20573425292969,328
94,12.753474235534668,521,12.753474235534668,513,12.753474235534668,416,24.28584671020508,271,7.936633110046387,328,7.936633110046387,88,214.75436401367188,199,214.75436401367188,108,210.4979553222656,211,217.9764404296875,239,151.16868591308594,224,142.85092163085938,182,100.90914916992188,252,59.7401008605957,178,172.71632385253906,222,91.5265655517578,199,93.67305755615234,76,112.07103729248048,76,66.53560638427734,76,93.67305755615234,71,108.81551361083984,78,10.64371109008789,239,10.64371109008789,248,10.64371109008789,230,10.28347110748291,253,10.64371109008789,309,10.64371109008789,83,12.753474235534668,512,7.936633110046387,274
95,48.35342025756836,527,48.35342025756836,523,48.35342025756836,550,15.224774360656738,335,11.5408935546875,342,11.5408935546875,136,45.971309661865234,147,112.94969940185548,148,50.16273880004883,156,58.227027893066406,220,61.24516296386719,187,140.30686950683594,132,64.72502136230469,275,164.9986114501953,109,39.06978988647461,178,79.93582153320312,150,75.7988052368164,102,115.81041717529295,95,64.72502136230469,116,77.72560119628906,83,56.01564025878906,110,219.83035278320312,228,134.79006958007812,226,134.79006958007812,250,104.41183471679688,309,134.79006958007812,314,134.79006958007812,122,48.35342025756836,523,11.5408935546875,342
96,10.610851287841797,549,10.610851287841797,542,10.610851287841797,477,181.56712341308597,322,129.82501220703125,377,129.82501220703125,278,45.86648178100586,155,28.84173583984375,150,208.30345153808597,161,155.7736053466797,214,41.26785659790039,178,51.88539123535156,214,201.99710083007807,307,60.41398620605469,194,152.13784790039062,250,32.90741729736328,230,34.58191680908203,154,56.1176643371582,132,174.16790771484375,234,177.7021026611328,107,206.7917633056641,194,22.534446716308597,247,70.04219055175781,255,70.04219055175781,231,70.04219055175781,324,70.04219055175781,362,68.02507019042969,276,10.610851287841797,541,129.82501220703125,342
97,20.79651641845703,541,18.27900505065918,532,18.27900505065918,549,286.0056457519531,344,72.71499633789062,195,72.71499633789062,60,161.06246948242188,196,113.19641876220705,144,108.90037536621094,222,139.0116729736328,298,59.583744049072266,281,112.1567840576172,156,128.23153686523438,181,96.11363983154295,142,85.7636489868164,171,87.95079803466797,158,134.1531524658203,50,119.94983673095705,51,138.711669921875,53,146.00726318359375,45,145.56910705566406,51,37.671348571777344,308,48.43195343017578,264,48.43195343017578,252,36.68803405761719,361,48.43195343017578,190,48.43195343017578,60,18.27900505065918,532,72.71499633789062,354
98,20.30863380432129,599,20.30863380432129,568,20.30863380432129,550,49.62255096435547,271,29.508668899536133,203,29.508668899536133,168,66.54544067382812,93,51.23373794555664,91,69.03402709960938,172,50.04320907592773,240,53.730865478515625,206,53.36779022216797,71,90.46283721923828,143,50.35222625732422,60,57.289737701416016,78,51.05086517333984,76,80.8312759399414,124,68.6170425415039,103,58.5798454284668,141,72.2125244140625,97,74.67420196533203,131,24.014110565185547,248,24.024097442626957,237,24.024097442626957,226,24.024097442626957,274,24.024097442626957,191,24.024097442626957,166,20.30863380432129,568,29.508668899536133,277
99,18.89208602905273,564,18.89208602905273,536,18.89208602905273,550,21.60100555419922,334,13.501713752746582,345,13.501713752746582,150,30.87882423400879,158,43.48930358886719,158,41.32772064208984,163,46.45444488525391,238,34.482872009277344,172,28.211076736450195,257,20.42888069152832,319,28.44837951660156,249,44.17219543457031,279,36.734474182128906,258,23.51886558532715,105,24.349943161010746,104,25.53015518188477,141,31.65753173828125,101,28.515958786010746,123,13.406822204589844,237,13.406822204589844,212,13.406822204589844,205,15.40807819366455,297,13.406822204589844,331,13.406822204589844,137,18.89208602905273,536,13.501713752746582,345
