per_of_RERERETE_semantics_0,seq_of_RERERETE_semantics_0,per_of_RERERETE_semantics_1,seq_of_RERERETE_semantics_1,per_of_RERERETE_semantics_2,seq_of_RERERETE_semantics_2,per_of_RERERETE_semantics_3,seq_of_RERERETE_semantics_3,per_of_RERERETE_semantics_4,seq_of_RERERETE_semantics_4,per_of_RERERETE_kwg_0,seq_of_RERERETE_kwg_0,per_of_RERERETE_kwg_1,seq_of_RERERETE_kwg_1,per_of_RERERETE_kwg_2,seq_of_RERERETE_kwg_2,per_of_RERERETE_kwg_3,seq_of_RERERETE_kwg_3,per_of_RERERETE_kwg_4,seq_of_RERERETE_kwg_4,per_of_RERERETE_SIR_0,seq_of_RERERETE_SIR_0,per_of_RERERETE_SIR_1,seq_of_RERERETE_SIR_1,per_of_RERERETE_SIR_2,seq_of_RERERETE_SIR_2,per_of_RERERETE_SIR_3,seq_of_RERERETE_SIR_3,per_of_RERERETE_SIR_4,seq_of_RERERETE_SIR_4,per_of_RNormalTranslation_semantics_0,seq_of_RNormalTranslation_semantics_0,per_of_RNormalTranslation_kwg_0,seq_of_RNormalTranslation_kwg_0,per_of_RNormalTranslation_sir_0,seq_of_RNormalTranslation_sir_0,per_of_RPivotTranslation_semantics_0,seq_of_RPivotTranslation_semantics_0,per_of_RPivotTranslation_kwg_0,seq_of_RPivotTranslation_kwg_0,per_of_RPivotTranslation_sir_0,seq_of_RPivotTranslation_sir_0
49.6834831237793,179,97.79251861572266,146,94.72303009033203,195,12.59727954864502,288,15.162139892578125,213,15.162139892578125,255,53.74692916870117,308,15.162139892578125,246,45.72809600830078,270,15.263677597045898,278,103.54072570800781,140,103.54072570800781,141,12.59727954864502,174,103.54072570800781,140,74.22232818603516,144,40.1191291809082,320,40.1191291809082,303,40.1191291809082,197,33.09479522705078,227,33.09479522705078,224,33.09479522705078,201
35.49366760253906,72,48.55760192871094,72,29.088300704956055,81,61.883506774902344,122,38.476810455322266,94,85.20570373535156,175,31.715959548950195,236,67.46245574951172,163,27.13469696044922,216,48.761878967285156,184,82.56490325927734,279,120.61614227294922,266,55.786617279052734,316,112.0943374633789,243,56.50455856323242,322,68.90866088867188,129,69.37796020507812,239,287.68310546875,340,74.2759017944336,161,74.6865234375,230,66.84241485595703,137
18.961502075195312,152,42.14933776855469,100,32.71826171875,162,13.673712730407715,171,17.2711124420166,166,45.82160568237305,115,17.2711124420166,292,47.66743850708008,118,38.197654724121094,223,17.2711124420166,159,15.25072193145752,277,32.28568649291992,245,12.752490043640137,402,13.659381866455078,216,12.666533470153809,326,11.55340576171875,220,11.55340576171875,330,11.55340576171875,495,43.565704345703125,250,44.815574645996094,243,11.55340576171875,198
24.14065170288086,67,29.432497024536133,46,28.021360397338867,68,24.14065170288086,93,26.303491592407227,63,31.674177169799805,152,15.601036071777344,212,33.13397979736328,129,21.194408416748047,197,22.07422637939453,181,22.07422637939453,77,17.484254837036133,77,22.07422637939453,81,32.362056732177734,71,22.07422637939453,77,43.3256950378418,110,34.435089111328125,231,50.32318115234375,84,60.475807189941406,93,85.27667236328125,166,21.317049026489258,242
51.52608108520508,76,45.434661865234375,78,60.0445671081543,82,48.84986877441406,231,31.012699127197266,213,68.27552032470703,278,48.84986877441406,326,53.06486129760742,228,53.8277587890625,313,41.3045768737793,297,36.61222839355469,97,67.83755493164062,94,44.304359436035156,120,53.47489547729492,96,27.69574737548828,103,96.05683135986328,318,71.92105102539062,308,70.71825408935547,117,170.48812866210938,237,62.98490905761719,223,71.92105102539062,219
42.775352478027344,208,27.01596450805664,221,27.01596450805664,234,12.010674476623535,277,20.966157913208008,241,29.676713943481445,270,52.325138092041016,301,29.49117660522461,240,41.51833724975586,289,41.50068283081055,268,22.2028865814209,407,21.937509536743164,401,30.667991638183594,475,12.816582679748535,390,42.87465286254883,436,101.80602264404297,284,73.2044906616211,295,100.6034927368164,517,61.09255599975586,211,75.14691925048828,209,83.90682983398438,228
44.01012420654297,161,62.9967155456543,160,114.21737670898438,171,114.21737670898438,228,114.21737670898438,201,73.23465728759766,179,66.2992172241211,254,73.23465728759766,170,88.8880844116211,220,95.28263854980469,195,43.68307113647461,172,32.64362716674805,155,102.00315856933594,201,51.68190002441406,150,108.32823944091797,187,62.72248458862305,312,107.16117858886719,282,127.67747497558594,237,54.849464416503906,213,79.58308410644531,212,79.8701400756836,142
88.09249114990234,219,103.74528503417969,210,32.7834358215332,252,64.72045135498047,291,32.7834358215332,267,64.10014343261719,180,48.329654693603516,270,99.9992904663086,176,19.5267276763916,240,19.5267276763916,218,18.79193115234375,254,61.28892517089844,246,23.510164260864258,339,46.5626106262207,221,45.090431213378906,266,91.45610046386719,299,80.88927459716797,264,76.36817932128906,340,45.21120071411133,220,57.02878952026367,179,85.45072937011719,247
33.396244049072266,122,33.396244049072266,121,33.396244049072266,136,30.136058807373047,252,33.75139617919922,146,84.54145812988281,167,37.20664978027344,297,46.32939147949219,146,14.454671859741211,191,28.113815307617188,177,18.394527435302734,81,70.184814453125,48,28.35665512084961,105,71.43223571777344,42,22.876808166503906,95,27.985519409179688,309,27.985519409179688,306,27.985519409179688,106,27.985519409179688,238,27.985519409179688,235,27.985519409179688,226
33.55738830566406,190,33.55738830566406,178,40.581661224365234,203,33.11162185668945,285,52.819278717041016,238,23.35053825378418,108,20.44635009765625,214,22.55350112915039,108,25.352304458618164,195,22.30862808227539,135,8.384482383728027,168,8.384482383728027,134,55.754093170166016,173,12.238972663879395,117,55.754093170166016,166,52.049686431884766,283,17.24062156677246,193,61.765586853027344,214,45.7420768737793,225,40.774513244628906,177,35.9012451171875,227
22.842859268188477,124,44.76555633544922,107,24.63382339477539,125,29.164508819580078,181,23.211820602416992,143,34.15309524536133,271,18.129013061523438,322,22.89366912841797,246,20.027185440063477,290,18.907533645629883,286,98.86343383789062,49,25.6024112701416,44,33.68083190917969,60,69.63475036621094,41,42.06678771972656,56,25.51767921447754,179,110.4066390991211,308,13.339652061462402,61,22.350963592529297,199,39.187801361083984,244,25.694049835205078,164
101.38648986816406,98,51.7429313659668,113,54.226348876953125,103,21.403587341308594,132,49.662864685058594,115,41.22830581665039,233,33.6305046081543,297,46.65835952758789,218,23.088836669921875,289,46.17483139038086,244,20.25261878967285,431,70.69602966308594,376,21.403587341308594,455,33.15883255004883,326,21.403587341308594,425,31.195510864257812,157,24.609437942504883,295,41.90489196777344,514,37.32312774658203,199,43.458251953125,188,57.55069351196289,185
37.46299743652344,99,15.696084976196289,102,36.890201568603516,107,22.53499984741211,203,22.98485565185547,155,36.411109924316406,184,15.371282577514648,292,29.973642349243164,189,25.536149978637695,212,36.411109924316406,192,25.311012268066406,49,46.78575134277344,53,23.147811889648438,83,50.8353385925293,54,23.147811889648438,58,27.363801956176758,325,44.0291862487793,294,32.845306396484375,75,37.89998245239258,243,43.105350494384766,239,31.195749282836914,246
12.719571113586426,217,40.570068359375,192,11.8770751953125,236,24.74906349182129,295,14.471540451049805,251,14.831538200378418,169,16.267959594726562,187,17.467430114746094,153,18.299007415771484,176,13.22457504272461,174,16.267959594726562,112,24.131858825683594,77,19.96751594543457,141,15.791426658630371,72,20.83924102783203,119,39.77043533325195,313,43.916725158691406,297,51.4831657409668,146,25.54133415222168,249,33.70791244506836,242,33.70791244506836,156
46.28217315673828,163,136.29103088378906,130,46.28217315673828,173,63.10726547241211,212,63.10726547241211,186,78.1795654296875,181,40.4268684387207,332,105.2659912109375,162,83.49852752685547,249,75.99445343017578,195,21.126190185546875,263,21.14452362060547,230,65.58041381835938,343,114.91883087158203,225,32.58697509765625,302,180.19091796875,312,216.4829864501953,275,171.22128295898438,411,361.0020446777344,232,171.2598876953125,215,156.35845947265625,223
8.446133613586426,86,8.446133613586426,84,8.446133613586426,93,6.296433448791504,127,6.296433448791504,123,15.08492660522461,163,13.643229484558105,229,15.08492660522461,148,17.688560485839844,211,15.08492660522461,179,13.186284065246582,78,13.186284065246582,73,5.822424411773682,88,13.186284065246582,69,5.822424411773682,91,17.922725677490234,125,10.698131561279297,240,24.870359420776367,106,14.368959426879883,175,9.32327651977539,174,9.32327651977539,294
79.45957946777344,115,81.5682144165039,113,80.55109405517578,116,43.14635467529297,194,90.82521057128906,124,46.956111907958984,192,67.59676361083984,253,50.66480255126953,168,42.01545715332031,213,46.956111907958984,198,31.590917587280273,50,52.490142822265625,46,36.738426208496094,56,44.66618347167969,45,17.997406005859375,54,36.29945755004883,303,29.230409622192383,277,31.008047103881836,66,43.32297897338867,214,34.26763916015625,219,21.34312629699707,210
59.10934829711914,204,115.22093963623047,212,23.47370147705078,215,7.596334457397461,303,20.1308650970459,265,50.947669982910156,153,13.625791549682617,211,29.44734001159668,146,20.63430404663086,179,58.13971710205078,148,41.787357330322266,246,62.35580825805664,228,8.36578369140625,387,133.9130401611328,219,30.19610595703125,275,14.405505180358887,304,32.63225555419922,241,32.63225555419922,477,90.95362854003906,203,32.63225555419922,225,32.63225555419922,245
8.751381874084473,172,8.751381874084473,156,9.512748718261719,186,8.007091522216797,223,9.512748718261719,197,12.565534591674805,192,11.331558227539062,273,11.803886413574219,106,14.845541000366211,238,14.972695350646973,209,8.751381874084473,92,12.93310260772705,86,8.007091522216797,107,12.93310260772705,89,8.751381874084473,94,28.33922576904297,314,18.183340072631836,309,8.007091522216797,94,14.923097610473633,254,20.712495803833008,255,18.183340072631836,239
30.124635696411133,189,21.695478439331055,180,30.94028663635254,201,49.88044738769531,268,60.251441955566406,243,41.03323745727539,189,65.8062973022461,275,27.661022186279297,187,45.570133209228516,245,36.539249420166016,202,54.16273880004883,353,60.251441955566406,293,50.221519470214844,419,64.39068603515625,205,54.16273880004883,381,68.31524658203125,300,58.48659896850586,294,118.88495635986328,464,57.851036071777344,256,91.98995971679688,209,126.84575653076172,222
65.7754898071289,109,50.68873977661133,108,25.032196044921875,134,32.39970779418945,220,28.428377151489258,145,78.65208435058594,184,27.86537742614746,257,104.94707489013672,166,45.14876937866211,216,148.5577392578125,196,117.3729019165039,112,95.13440704345703,100,33.501678466796875,136,81.62836456298828,90,33.329376220703125,123,23.590343475341797,305,41.990928649902344,300,48.78036880493164,156,44.6573486328125,209,22.839374542236328,247,57.53077697753906,152
46.47806167602539,181,46.47806167602539,152,13.354626655578613,192,14.115750312805176,296,13.354626655578613,248,33.53992462158203,160,34.47480010986328,276,29.498075485229492,151,33.53992462158203,229,33.53992462158203,168,24.012060165405273,74,24.012060165405273,71,17.57850456237793,105,32.50276565551758,67,17.57850456237793,99,34.604557037353516,323,32.45709228515625,292,26.089458465576172,125,56.81980895996094,219,40.35563659667969,239,23.30443572998047,172
75.90959930419922,132,92.03756713867188,127,73.71305847167969,143,47.410118103027344,318,77.37987518310547,272,67.91153717041016,212,49.652034759521484,301,77.57734680175781,200,87.30564880371094,255,79.94558715820312,207,209.2355194091797,276,37.83184814453125,270,21.948442459106445,327,143.30215454101562,236,112.38377380371094,281,230.75942993164062,321,71.67390441894531,320,149.29806518554688,335,53.79349136352539,340,148.9454345703125,349,36.159088134765625,240
9.07734203338623,64,9.248616218566895,53,8.280475616455078,73,7.032016754150391,118,8.89731502532959,95,24.368288040161133,197,9.51840877532959,276,21.3169002532959,189,13.445429801940918,239,10.939957618713379,214,19.4388370513916,55,19.4388370513916,49,11.702634811401367,68,17.878293991088867,52,20.180328369140625,56,20.338706970214844,190,16.250865936279297,310,24.100862503051758,59,13.630474090576172,229,24.998170852661133,217,15.886933326721191,181
33.60247802734375,132,31.928653717041016,132,25.19913101196289,141,25.54144859313965,231,24.712820053100586,158,28.23500633239746,227,24.712820053100586,275,44.17578125,231,19.57866859436035,254,19.57866859436035,235,35.55664825439453,153,36.06449508666992,142,18.159252166748047,161,60.39627456665039,145,26.347150802612305,140,34.471805572509766,228,47.984092712402344,280,40.73889923095703,161,41.86252212524414,211,34.471805572509766,219,36.1292610168457,160
76.3286361694336,89,68.07864379882812,86,43.784263610839844,91,32.22003173828125,143,58.07294464111328,103,20.068525314331055,137,28.97736930847168,288,25.892972946166992,113,18.026748657226562,211,33.5626220703125,184,14.87922477722168,154,14.87922477722168,152,104.33370208740234,215,14.87922477722168,153,50.18601608276367,178,42.95286178588867,173,123.22183990478516,310,123.22183990478516,210,52.365203857421875,244,118.18803405761719,280,118.18803405761719,318
30.639135360717773,219,30.943788528442383,206,12.221232414245605,230,28.345537185668945,273,17.251895904541016,280,31.812206268310547,190,34.53071212768555,284,31.812206268310547,184,27.542482376098633,230,25.140178680419922,207,44.19483184814453,90,35.21192932128906,79,28.345537185668945,104,62.21176528930664,80,27.542482376098633,89,22.598417282104492,322,26.141456604003906,297,26.06082534790039,125,21.215425491333008,266,35.26836395263672,218,21.215425491333008,197
33.46139907836914,205,33.46139907836914,205,33.46139907836914,205,33.46139907836914,227,33.46139907836914,205,34.46602249145508,179,46.800331115722656,312,37.842140197753906,158,46.28743362426758,238,26.52295684814453,190,33.46139907836914,72,45.590389251708984,65,11.694214820861816,79,45.590389251708984,65,33.46139907836914,72,13.313994407653809,316,31.480947494506836,331,11.694214820861816,81,38.099830627441406,250,31.480947494506836,318,37.70355224609375,207
14.797758102416992,128,14.797758102416992,113,14.433710098266602,195,16.495162963867188,295,16.495162963867188,213,16.076730728149414,262,23.569204330444336,317,20.779041290283203,262,16.495162963867188,297,21.015888214111328,276,17.034238815307617,86,36.50291061401367,89,17.034238815307617,99,23.443185806274414,82,17.034238815307617,92,27.973953247070312,315,30.503965377807617,310,30.503965377807617,138,29.534393310546875,236,41.94453430175781,267,30.2454891204834,225
62.49013900756836,118,39.89800262451172,92,12.015711784362793,125,10.673184394836426,170,12.596271514892578,148,13.901102066040039,155,20.078886032104492,228,26.21192741394043,149,20.078886032104492,228,28.102949142456055,190,16.377098083496094,259,26.326129913330078,232,28.962278366088867,273,20.482929229736328,234,11.054849624633789,260,56.81387710571289,278,133.38650512695312,267,21.856334686279297,361,47.83894729614258,153,76.14080810546875,219,152.69288635253906,230
5.695520877838135,50,8.717994689941406,43,12.05955696105957,48,16.74543571472168,297,16.74543571472168,143,19.423776626586914,117,62.808353424072266,242,13.998095512390137,117,17.054357528686523,198,8.685199737548828,130,14.439371109008789,223,13.415282249450684,205,34.7279052734375,324,13.366667747497559,205,27.924522399902344,259,16.74543571472168,357,15.926090240478516,283,15.926090240478516,426,23.85244369506836,258,15.926090240478516,290,15.926090240478516,263
85.66952514648438,183,165.20156860351562,188,85.66952514648438,188,43.19089889526367,269,60.55406188964844,225,45.838069915771484,214,69.0614242553711,284,45.838069915771484,206,61.897315979003906,247,70.50599670410156,232,60.64352798461914,110,41.23265838623047,103,43.19089889526367,124,38.28651428222656,96,80.04888153076172,113,106.33297729492188,288,194.37489318847656,305,93.59158325195312,122,31.64603042602539,257,93.59158325195312,203,203.917236328125,238
30.388423919677734,179,41.06778335571289,175,30.388423919677734,208,16.966236114501953,337,30.388423919677734,238,40.9179801940918,258,21.710247039794922,339,27.085559844970703,242,38.133174896240234,290,38.133174896240234,276,26.910978317260742,44,16.966236114501953,46,52.22612380981445,48,16.966236114501953,46,16.966236114501953,46,95.22386169433594,346,47.799678802490234,325,44.629737854003906,47,38.67564392089844,255,51.28106689453125,246,38.67564392089844,264
46.330108642578125,183,45.86511993408203,182,30.2249755859375,205,33.821475982666016,286,46.97043228149414,271,26.261245727539062,184,46.86381912231445,262,51.5113525390625,171,76.89512634277344,207,24.42255973815918,192,64.7060775756836,47,40.46582794189453,41,31.886432647705078,51,50.89970779418945,39,47.683738708496094,50,41.40388107299805,307,120.87084197998047,290,55.8441047668457,64,41.60673904418945,260,53.68000411987305,196,36.03504943847656,230
17.831632614135742,182,24.47184181213379,168,18.213788986206055,220,24.72940444946289,316,24.72940444946289,260,31.193317413330078,122,23.831663131713867,190,31.193317413330078,129,35.97397994995117,164,24.815122604370117,134,70.2888412475586,43,77.01680755615234,41,24.72940444946289,82,96.69708251953125,40,19.701169967651367,58,40.96866226196289,327,31.630325317382812,191,31.836069107055664,80,48.49210739135742,233,30.083810806274414,294,36.64445495605469,240
40.50989532470703,162,61.90800094604492,139,37.81596755981445,179,17.56591796875,288,22.955402374267578,171,34.019493103027344,214,37.81596755981445,322,34.019493103027344,213,73.4256820678711,277,46.890621185302734,250,59.29453659057617,35,24.033967971801758,38,23.451353073120117,49,65.191650390625,36,52.48146057128906,44,63.891727447509766,305,39.03538513183594,310,40.032649993896484,48,31.293865203857422,234,40.032649993896484,189,52.213497161865234,234
19.91227912902832,70,36.81329345703125,75,15.964966773986816,91,18.124881744384766,213,31.093442916870117,113,51.716529846191406,225,42.73538589477539,296,67.28607940673828,187,27.066484451293945,285,33.41180419921875,264,18.00905418395996,130,18.00905418395996,109,37.24507141113281,152,54.96712875366211,73,24.301937103271484,135,22.096872329711914,302,16.47776222229004,291,17.720129013061523,150,22.663585662841797,191,30.54952621459961,206,22.663585662841797,271
21.08819007873535,189,21.08819007873535,187,21.89492416381836,199,14.436260223388672,282,16.394546508789062,248,92.35281372070312,156,24.246278762817383,197,69.05145263671875,135,21.269529342651367,184,51.81736373901367,167,23.3286075592041,173,18.055700302124023,162,24.3392391204834,211,17.773134231567383,166,24.3392391204834,205,23.677845001220703,278,31.548301696777344,214,32.57838439941406,220,40.910552978515625,245,23.677845001220703,238,22.755651473999023,211
10.447381973266602,67,15.179888725280762,64,12.154361724853516,65,12.154361724853516,96,23.1258602142334,76,106.7232437133789,73,14.032958030700684,100,96.1363754272461,75,27.93071937561035,95,115.12191772460938,83,43.75496292114258,39,43.75496292114258,40,30.216075897216797,61,44.75754165649414,43,59.262935638427734,46,22.50592613220215,83,23.823055267333984,92,23.823055267333984,66,21.705385208129883,260,23.823055267333984,185,15.876016616821289,126
49.44654846191406,273,28.52741050720215,252,30.18673324584961,268,34.33098220825195,342,41.66276550292969,303,46.779170989990234,201,92.64351654052734,276,38.83114242553711,178,48.110679626464844,240,21.610963821411133,241,42.13962173461914,344,47.42089080810547,315,23.21441650390625,416,34.895381927490234,301,23.21441650390625,391,51.71366500854492,330,45.28960037231445,327,48.1458625793457,488,34.77937698364258,245,50.996498107910156,211,98.25835418701172,203
33.31428146362305,114,40.53870391845703,114,39.243560791015625,142,18.240619659423828,306,29.08966827392578,199,59.586273193359375,97,11.686575889587402,319,46.83142852783203,100,34.91755676269531,159,31.61890983581543,120,28.121992111206055,254,27.16567039489746,235,16.24628448486328,278,86.26806640625,236,11.686575889587402,286,29.61273765563965,319,41.68553161621094,351,45.8684196472168,351,43.70303726196289,245,27.321636199951172,263,22.39981460571289,220
25.166181564331055,184,15.661689758300781,173,34.64574432373047,204,49.32016372680664,297,36.02703857421875,258,27.50442886352539,182,31.887680053710938,260,41.26444625854492,179,53.79532241821289,217,24.818872451782227,193,47.80162811279297,220,39.23067092895508,223,45.64518356323242,287,24.152542114257812,184,40.57561111450195,253,23.575613021850586,293,44.02474594116211,272,26.703968048095703,293,78.39952087402344,210,44.02474594116211,202,47.99007034301758,233
32.28324508666992,140,25.027368545532227,142,60.93443298339844,146,48.47700119018555,247,35.30363845825195,152,23.70928192138672,200,40.67360305786133,243,22.834787368774414,175,24.56295394897461,240,24.907934188842773,221,31.752979278564453,414,16.40000343322754,392,36.35528564453125,454,9.021227836608887,314,21.270483016967773,428,63.320377349853516,279,40.80987548828125,256,38.28825759887695,474,37.64331817626953,238,38.28825759887695,191,77.41667175292969,198
20.48700714111328,115,20.782703399658203,120,21.95146942138672,116,25.44580841064453,251,18.434358596801758,144,23.32573127746582,216,28.20061492919922,298,31.866565704345703,211,27.62236213684082,245,21.288564682006836,225,45.443626403808594,433,32.28676986694336,393,20.99939727783203,522,58.223140716552734,342,20.88812828063965,465,39.64864730834961,320,46.732383728027344,293,39.64864730834961,528,39.64864730834961,229,39.64864730834961,201,39.64864730834961,284
45.57714080810547,35,51.06866455078125,35,45.52600860595703,36,40.89844512939453,247,61.37300491333008,67,9.659523963928223,216,19.917766571044922,288,13.130266189575195,168,8.517809867858887,249,12.457709312438965,234,21.196889877319336,131,42.78052520751953,124,22.5299072265625,283,57.958858489990234,120,17.10096549987793,268,114.63778686523438,372,64.12674713134766,338,62.998939514160156,328,91.13261413574219,295,64.12674713134766,254,64.12674713134766,254
41.43647766113281,245,20.229961395263672,167,46.97514724731445,246,40.03239059448242,312,17.33208465576172,252,67.45553588867188,137,17.07703971862793,274,61.2896842956543,130,29.48965835571289,207,41.91062927246094,149,13.424254417419434,72,17.34375762939453,74,12.21660041809082,88,26.09203338623047,78,13.270438194274902,76,32.47188949584961,348,30.39706039428711,325,43.64065933227539,93,30.39706039428711,249,41.747920989990234,256,23.325109481811523,217
16.762680053710938,119,29.452836990356445,111,16.150442123413086,141,14.627374649047852,177,15.708213806152344,152,121.49085998535156,179,24.473026275634766,260,85.84098052978516,155,66.17808532714844,235,77.040283203125,197,37.10858154296875,238,31.01898956298828,223,6.684039115905762,420,34.09238052368164,211,24.111125946044922,294,9.477334022521973,277,8.24213695526123,295,14.756698608398438,423,12.75291633605957,223,20.232210159301758,227,8.242325782775879,250
22.360902786254883,149,22.360902786254883,142,44.69209289550781,170,50.33195495605469,197,50.33195495605469,165,32.081600189208984,220,22.360902786254883,257,22.360902786254883,207,22.360902786254883,255,22.360902786254883,237,28.110456466674805,65,43.86680603027344,70,44.69209289550781,67,22.360902786254883,63,22.360902786254883,67,26.87877082824707,306,22.360902786254883,279,22.360902786254883,72,22.360902786254883,210,22.360902786254883,196,22.360902786254883,191
77.31415557861328,200,33.610618591308594,203,18.88054084777832,220,18.084476470947266,295,18.88054084777832,233,35.49064636230469,150,30.28731346130371,243,55.5693359375,145,65.44606018066406,203,143.49374389648438,186,28.032991409301758,319,31.04709243774414,290,36.293251037597656,333,74.390380859375,273,28.49675941467285,318,11.917325973510742,323,11.917325973510742,267,11.917325973510742,449,19.976673126220703,242,174.01608276367188,196,18.699996948242188,287
20.08848762512207,147,39.908912658691406,135,21.183137893676758,163,63.079586029052734,195,15.611066818237305,164,16.85814094543457,232,20.623050689697266,327,16.85814094543457,228,41.02231216430664,301,22.619396209716797,251,30.868555068969727,351,25.021495819091797,324,13.414278030395508,423,16.84459686279297,291,27.949798583984375,375,60.13783264160156,289,25.633939743041992,300,34.172523498535156,418,41.64337921142578,226,25.633939743041992,195,33.157047271728516,222
20.374086380004883,165,70.3890609741211,153,18.01102066040039,179,22.324478149414062,236,24.64295768737793,205,49.64914321899414,154,15.12354564666748,238,34.75345230102539,153,29.132617950439453,199,49.64914321899414,179,18.4926700592041,121,63.23302459716797,119,25.84821128845215,216,52.5309944152832,113,19.436586380004883,149,19.32379722595215,288,25.48956871032715,241,32.661033630371094,250,37.501808166503906,191,17.40662384033203,249,22.25824737548828,128
41.69575881958008,163,65.77618408203125,157,32.09650421142578,180,30.598773956298828,259,57.124755859375,203,16.344663619995117,188,10.809609413146973,250,17.122068405151367,192,11.443445205688477,215,18.544790267944336,181,141.97206115722656,85,25.781007766723633,77,20.955928802490234,99,29.3898983001709,77,60.666255950927734,93,25.52372169494629,311,31.154891967773438,310,20.683908462524414,130,24.8618221282959,222,14.83438491821289,235,24.8618221282959,237
16.385623931884766,130,16.999542236328125,117,21.58108901977539,154,41.612396240234375,181,42.35943603515625,178,38.438232421875,150,35.01789855957031,221,39.0213508605957,146,44.0432014465332,197,39.561641693115234,164,27.765344619750977,107,35.90157699584961,101,75.21843719482422,135,32.38474655151367,101,36.854209899902344,117,31.59177589416504,228,46.870086669921875,251,35.037559509277344,148,124.69039154052734,282,87.71985626220703,204,35.037559509277344,220
41.1872673034668,120,31.8074951171875,109,27.065013885498047,155,25.295055389404297,279,43.15453338623047,190,69.76952362060547,197,42.98723220825195,271,66.65364074707031,192,46.80862045288086,244,115.84786987304688,213,24.37748146057129,71,41.18254470825195,69,47.71084976196289,83,36.124507904052734,62,40.5238037109375,80,194.0253143310547,300,194.0253143310547,288,217.17054748535156,79,51.779476165771484,213,194.0253143310547,211,194.0253143310547,200
90.11341857910156,103,34.403438568115234,94,75.44610595703125,112,123.838623046875,175,75.44610595703125,143,20.50761604309082,195,25.625341415405273,286,43.473960876464844,177,23.491863250732422,236,16.058238983154297,206,42.04093933105469,85,15.7926607131958,86,25.868593215942383,94,13.343892097473145,85,19.855911254882812,93,106.44453430175781,162,51.90882873535156,286,32.91751480102539,105,29.162498474121094,227,32.91751480102539,232,51.90882873535156,199
18.689708709716797,148,37.63934326171875,142,20.829307556152344,171,13.302838325500488,258,17.10372543334961,201,25.697633743286133,247,17.024450302124023,295,22.491146087646484,244,22.735971450805664,283,29.118791580200195,264,15.769479751586914,39,15.769479751586914,44,9.114891052246094,50,15.464913368225098,43,8.669575691223145,51,21.619131088256836,311,13.146611213684082,325,16.55645751953125,57,25.687883377075195,225,23.1888427734375,197,14.221134185791016,283
22.393550872802734,162,25.69727897644043,81,24.03809356689453,158,29.624677658081055,196,20.915857315063477,166,31.66791343688965,219,15.194255828857422,300,25.715194702148438,206,13.466658592224121,284,17.274446487426758,241,22.171401977539062,73,17.95768928527832,74,18.46862030029297,80,21.714868545532227,64,18.305416107177734,75,15.194255828857422,276,13.466658592224121,371,15.825026512145996,117,15.194255828857422,305,13.466658592224121,237,15.825026512145996,215
31.11377716064453,139,31.11377716064453,130,31.11377716064453,144,56.69636917114258,183,27.877052307128906,152,42.04017639160156,232,27.360877990722656,313,50.18571472167969,212,34.07868194580078,252,42.04017639160156,248,47.16701126098633,56,48.55976867675781,56,48.78981399536133,69,58.44639205932617,43,51.10215377807617,57,41.33177185058594,189,29.40313148498535,308,29.40313148498535,80,45.22673416137695,227,29.40313148498535,255,41.33177185058594,233
14.228882789611816,196,14.26911735534668,161,24.384510040283203,197,15.131508827209473,228,12.707274436950684,203,55.60792922973633,244,15.131508827209473,337,40.13814163208008,233,23.627971649169922,266,20.549409866333008,278,31.798358917236328,136,71.52200317382812,131,26.288314819335938,227,77.80225372314453,126,35.838375091552734,180,15.131508827209473,340,15.131508827209473,348,15.051067352294922,230,14.896671295166016,291,15.131508827209473,243,18.68065643310547,227
13.179312705993652,70,17.371767044067383,66,11.459980010986328,87,13.13100814819336,107,9.460959434509277,95,8.208196640014648,207,10.045348167419434,275,8.208196640014648,198,8.208196640014648,221,8.14460563659668,221,83.6039047241211,179,16.558752059936523,168,26.355249404907227,220,31.939130783081055,146,41.971073150634766,189,35.42977523803711,164,36.195133209228516,285,17.848344802856445,238,38.913516998291016,203,59.36642074584961,207,32.3327522277832,185
27.41937255859375,121,29.476280212402344,110,20.773616790771484,139,15.45887565612793,207,11.84866714477539,158,61.339210510253906,181,20.90370750427246,267,48.50422668457031,156,27.957843780517578,235,30.366640090942383,197,45.764732360839844,101,55.22224807739258,80,18.862873077392578,168,44.6500129699707,77,45.764732360839844,111,39.8804931640625,268,20.99478530883789,306,54.406288146972656,167,20.0132999420166,319,57.36143493652344,310,37.81661605834961,304
23.134296417236328,153,25.03829002380371,130,33.48469161987305,174,20.406007766723633,228,21.680728912353516,219,31.27068328857422,158,45.876041412353516,295,31.27068328857422,142,38.18610763549805,256,31.27068328857422,183,62.65657424926758,278,20.82883071899414,243,15.741202354431152,323,46.93552017211914,230,20.45535659790039,306,38.923377990722656,230,24.312931060791016,296,24.312931060791016,289,29.077852249145508,198,24.312931060791016,159,36.26728057861328,228
27.32682228088379,191,25.061702728271484,170,41.29816436767578,217,17.294891357421875,317,17.294891357421875,259,29.585073471069336,190,17.294891357421875,281,34.82533645629883,161,22.846405029296875,261,36.08998489379883,213,35.21540451049805,38,43.1226921081543,35,17.294891357421875,43,32.89307403564453,26,31.957229614257812,37,58.59524154663086,320,55.491275787353516,296,66.03680419921875,45,67.99675750732422,216,55.491275787353516,235,61.80497360229492,224
39.46202087402344,174,39.46202087402344,166,41.8199577331543,198,38.09095764160156,310,154.05770874023438,286,7.765552520751953,162,6.173229694366455,249,7.2451372146606445,141,8.078531265258789,201,7.857662200927734,180,92.94586944580078,83,70.71390533447266,87,69.94126892089844,88,64.23563385009766,83,70.19190979003906,79,25.903350830078125,290,63.02429962158203,329,109.88185119628906,165,147.17677307128906,235,126.6900405883789,278,152.5740203857422,305
32.58242416381836,185,32.58242416381836,142,23.805959701538086,200,25.983173370361328,284,23.805959701538086,247,28.36128044128418,220,28.45425796508789,313,42.31294631958008,217,37.23149490356445,248,28.116910934448242,227,31.242223739624023,60,38.07733154296875,56,28.760908126831055,62,44.10893249511719,58,31.219388961791992,61,40.778621673583984,314,50.806983947753906,318,38.23560333251953,68,50.806983947753906,239,53.629615783691406,216,56.56289291381836,247
40.95963668823242,186,79.52769470214844,159,111.89957427978516,213,64.6626205444336,313,69.6312026977539,238,28.541799545288086,153,28.77557945251465,197,25.630290985107422,149,22.269775390625,186,34.50595474243164,175,29.841463088989258,51,10.377836227416992,37,40.613441467285156,78,111.0846939086914,15,77.64114379882812,40,174.20819091796875,316,36.171329498291016,254,66.62621307373047,66,66.62621307373047,242,90.7801284790039,205,66.62621307373047,244
39.025787353515625,99,39.025787353515625,100,23.81354331970215,156,39.28522872924805,277,23.81354331970215,173,57.1530647277832,119,14.024633407592773,190,38.34258270263672,103,24.181621551513672,152,42.51716995239258,136,41.92922592163086,339,71.26634216308594,328,58.709346771240234,463,42.01664733886719,282,45.898590087890625,380,52.53411102294922,258,51.03076934814453,319,51.03076934814453,480,24.037235260009766,220,51.03076934814453,236,44.01970672607422,253
46.012367248535156,132,25.262510299682617,126,41.48704147338867,170,41.48704147338867,310,41.48704147338867,210,29.87273597717285,191,28.396625518798828,282,29.87273597717285,174,28.396625518798828,234,29.87273597717285,208,21.41779899597168,69,21.41779899597168,68,24.18421745300293,79,24.062469482421875,64,21.41779899597168,76,19.380367279052734,326,19.255840301513672,314,23.727083206176758,84,42.2575798034668,234,29.620914459228516,238,33.949642181396484,218
18.667797088623047,50,18.667797088623047,44,18.667797088623047,46,16.751333236694336,185,16.447139739990234,58,13.861536026000977,246,9.344758033752441,319,11.865137100219727,243,13.188607215881348,297,13.128122329711914,270,19.696117401123047,242,15.729365348815918,235,9.344758033752441,277,15.714076042175293,235,13.369297981262207,267,26.908964157104492,166,38.2396125793457,320,32.7152214050293,289,28.06574058532715,220,25.94554328918457,215,29.41600227355957,232
21.068754196166992,164,21.068754196166992,161,32.35581588745117,175,58.84056091308594,205,35.83795928955078,180,21.61667823791504,195,48.31740951538086,229,43.876407623291016,174,28.531919479370117,215,16.031654357910156,203,25.294736862182617,57,29.044240951538086,58,30.482685089111328,63,39.956825256347656,52,26.579137802124023,62,28.782468795776367,287,55.94613265991211,242,58.4194221496582,67,39.67881393432617,207,49.392433166503906,233,50.81439971923828,220
26.037174224853516,341,29.006301879882812,342,31.620765686035156,345,28.296836853027344,351,36.736228942871094,368,89.47335052490234,240,28.296836853027344,325,29.412540435791016,208,25.149410247802734,288,18.561126708984375,278,25.149410247802734,299,12.31038761138916,293,25.149410247802734,345,25.149410247802734,268,22.763439178466797,312,78.85681915283203,392,72.60322570800781,347,90.12385559082031,355,67.51726531982422,238,78.85681915283203,231,78.85681915283203,237
39.1336555480957,162,39.1336555480957,175,22.691370010375977,168,44.86587905883789,260,39.1336555480957,206,24.197561264038086,247,37.27494812011719,288,32.683467864990234,231,25.06136703491211,250,33.69934844970703,242,42.557106018066406,158,49.81437301635742,154,42.557106018066406,164,42.557106018066406,156,49.81437301635742,159,32.84380340576172,316,29.864431381225586,309,45.51627731323242,167,35.93082809448242,239,15.916440963745117,185,15.916440963745117,142
20.483203887939453,132,7.334573268890381,119,17.59880828857422,149,9.275259017944336,228,8.568778038024902,183,44.171878814697266,232,35.11200714111328,279,46.649818420410156,233,45.99824905395508,268,32.892147064208984,247,13.149062156677246,110,12.13083553314209,99,53.153926849365234,100,12.13083553314209,94,9.313650131225586,107,65.24834442138672,328,17.461397171020508,322,16.372365951538086,198,14.721501350402832,271,13.20186710357666,239,17.213735580444336,301
54.000736236572266,131,47.81697082519531,105,28.30439567565918,165,22.101131439208984,262,47.50544738769531,190,112.07002258300781,141,19.289548873901367,202,64.27347564697266,138,65.17405700683594,187,61.78337478637695,162,86.67205810546875,83,86.11973571777344,70,12.366279602050781,129,42.795166015625,74,39.15788650512695,103,21.270702362060547,277,24.715702056884766,215,13.4056396484375,128,23.840618133544922,209,17.3660888671875,290,18.35781478881836,219
14.219828605651855,151,29.551877975463867,142,14.219828605651855,171,22.895475387573242,241,36.57982635498047,205,55.9911003112793,169,15.931539535522461,242,43.47336959838867,162,31.613754272460938,217,38.838687896728516,193,36.64279556274414,131,40.01075744628906,77,24.014265060424805,138,10.080551147460938,74,29.721330642700195,133,33.579627990722656,301,62.455196380615234,265,39.593971252441406,149,101.40670013427734,195,59.66775894165039,207,58.22180938720703,224
67.79955291748047,165,60.86796188354492,140,63.84312057495117,175,41.39793014526367,251,135.67445373535156,214,21.95235252380371,170,34.1473388671875,214,26.809354782104492,154,51.35368347167969,177,31.445457458496094,172,67.80579376220703,50,26.541040420532227,49,16.663745880126953,101,33.48600769042969,53,19.408954620361328,60,55.17300033569336,281,49.9669075012207,208,48.938514709472656,115,64.89356994628906,149,49.39799880981445,259,69.17325592041016,145
67.71500396728516,174,110.48795318603516,164,69.98420715332031,189,23.3326358795166,252,38.43411636352539,212,48.083316802978516,219,24.835346221923828,292,28.456491470336914,211,21.982572555541992,241,90.62296295166016,235,31.848033905029297,378,31.848033905029297,329,61.77203369140625,450,35.120338439941406,332,33.9606819152832,423,137.74761962890625,287,48.85836410522461,284,47.617835998535156,449,59.85572052001953,183,55.723262786865234,236,87.27339172363281,208
15.447291374206543,139,15.447291374206543,129,15.386683464050293,145,28.608509063720703,298,28.608509063720703,265,14.137736320495605,174,24.90203094482422,295,18.44837188720703,152,22.41477394104004,229,21.345537185668945,210,27.429622650146484,97,25.732892990112305,74,31.496856689453125,147,23.817546844482422,54,22.690500259399414,107,52.454200744628906,268,71.90448760986328,265,62.78397750854492,146,40.18953323364258,204,61.85087585449219,243,47.6063117980957,269
20.051124572753906,191,20.051124572753906,186,16.30458641052246,237,23.9697208404541,318,17.537738800048828,250,53.71049880981445,139,65.31752014160156,280,85.70196533203125,141,53.94615936279297,252,108.51932525634766,146,14.955467224121094,24,14.955467224121094,24,15.568364143371582,23,19.78134536743164,23,15.568364143371582,23,30.49937629699707,423,56.11201477050781,350,72.03874206542969,60,56.11201477050781,281,53.376914978027344,263,49.34346389770508,218
34.16432571411133,128,13.064069747924805,120,18.063514709472656,143,12.329916000366211,229,12.329916000366211,154,8.35213851928711,170,12.329916000366211,251,9.078579902648926,163,11.235053062438965,224,8.052367210388184,203,16.72403335571289,126,10.511566162109375,120,13.669999122619629,155,8.861479759216309,116,12.329916000366211,156,31.31146240234375,272,20.554088592529297,251,23.533353805541992,159,31.374473571777344,181,28.3071231842041,120,22.53797149658203,296
55.25501251220703,51,20.979463577270508,52,22.49306297302246,70,11.442625999450684,100,12.808703422546387,93,36.978965759277344,94,10.909262657165527,105,20.802785873413086,80,30.668495178222656,102,25.52585792541504,88,15.125701904296875,45,17.438146591186523,32,22.549531936645508,55,25.34970474243164,32,26.13819694519043,50,31.291902542114258,112,38.115116119384766,107,49.51596450805664,53,49.12317657470703,214,31.441926956176758,224,20.316320419311523,240
227.85403442382812,195,234.310791015625,179,176.27523803710938,190,115.48011016845703,313,113.5103530883789,223,120.12887573242188,214,68.05926513671875,330,116.01985168457031,214,100.75111389160156,280,90.85735321044922,242,116.4404067993164,447,121.3969955444336,436,92.92166900634766,510,117.45150756835938,413,94.12712860107422,469,42.31190872192383,303,156.14276123046875,315,156.14276123046875,511,172.1901092529297,232,151.5188446044922,247,156.14276123046875,239
6.69064998626709,134,7.058969974517822,122,6.69064998626709,171,16.546802520751953,303,8.997578620910645,275,6.652346134185791,222,14.829191207885742,297,6.652346134185791,211,8.997578620910645,238,6.652346134185791,230,18.941028594970703,204,15.253281593322754,193,17.000547409057617,241,13.440401077270508,161,18.900352478027344,209,19.290119171142578,322,19.28342056274414,307,19.28342056274414,268,19.28342056274414,237,19.28342056274414,220,19.28342056274414,246
38.95016098022461,218,32.619117736816406,204,44.27522659301758,221,40.46212387084961,251,45.7475471496582,239,33.527381896972656,189,40.46212387084961,270,79.3863754272461,179,40.923580169677734,227,37.5523681640625,206,18.89320182800293,215,24.86328125,202,21.815887451171875,249,23.34124755859375,197,28.86627769470215,230,69.39512634277344,273,125.70730590820312,272,85.42575073242188,263,74.83460235595703,182,60.229984283447266,206,59.576839447021484,188
148.043212890625,153,65.85718536376953,135,105.25870513916016,191,115.33631134033203,280,92.32437133789062,215,67.83680725097656,177,50.528526306152344,283,49.95384216308594,155,46.10307693481445,246,36.284584045410156,200,82.6395492553711,41,114.43232727050781,46,99.26065063476562,59,150.6853485107422,41,94.56832885742188,55,279.79095458984375,275,66.82615661621094,306,128.9376220703125,67,171.22567749023438,204,164.5466766357422,208,171.22567749023438,156
166.73202514648438,153,114.42621612548828,152,164.8417205810547,196,68.28548431396484,241,76.9544448852539,202,39.36962890625,187,44.25503921508789,225,109.41285705566406,179,44.25503921508789,205,40.642860412597656,214,70.39338684082031,271,70.95472717285156,246,110.74388122558594,312,70.54621124267578,224,45.44004821777344,281,146.23880004882812,305,159.37423706054688,276,85.76909637451172,338,114.46905517578125,213,151.46466064453125,236,87.43025970458984,253
27.952972412109375,186,34.631446838378906,155,50.10179138183594,201,25.630462646484375,288,26.583433151245117,213,27.50159454345703,157,27.630380630493164,243,15.149105072021484,165,27.50159454345703,193,31.506635665893555,178,36.219932556152344,195,31.755401611328125,183,21.466468811035156,217,28.646377563476562,169,23.453786849975586,214,39.60226821899414,319,27.169193267822266,283,33.05943298339844,209,33.05943298339844,327,27.169193267822266,247,33.05943298339844,268
72.44525909423828,73,37.434364318847656,71,74.5489730834961,97,52.82178497314453,137,21.85776138305664,117,40.684017181396484,177,37.362308502197266,241,37.297454833984375,159,29.991397857666016,220,29.991397857666016,181,24.039382934570312,68,19.664628982543945,68,28.92091178894043,100,14.594082832336426,67,18.78142738342285,73,34.11537551879883,193,23.793033599853516,302,24.104150772094727,107,23.74488067626953,231,24.253095626831055,155,23.092382431030273,313
106.7297134399414,131,106.7297134399414,134,172.51925659179688,227,77.93179321289062,303,82.87422180175781,234,101.76321411132812,152,63.01113510131836,175,30.03936767578125,152,74.65198516845703,151,101.76321411132812,147,82.87422180175781,68,73.74712371826172,51,82.87422180175781,102,73.74712371826172,51,82.87422180175781,84,49.354305267333984,323,49.03849411010742,211,49.354305267333984,114,127.44049835205078,223,49.03849411010742,235,181.6033172607422,241
134.08164978027344,131,93.845947265625,115,97.7627182006836,172,97.42356872558594,256,72.32072448730469,251,24.171689987182617,180,157.9713592529297,217,24.171689987182617,176,33.380958557128906,202,25.99917984008789,197,27.797269821166992,204,18.204113006591797,194,25.120128631591797,379,24.157995223999023,190,27.275236129760742,262,49.71335220336914,313,43.13349533081055,273,73.70634460449219,443,40.98344421386719,277,33.84819412231445,203,30.888917922973633,210
69.82281494140625,158,54.11482620239258,149,87.89847564697266,169,50.074180603027344,277,87.89847564697266,190,51.5010871887207,219,34.516849517822266,318,49.09511184692383,193,82.21318054199219,293,43.53605270385742,271,29.504749298095703,235,28.456714630126953,206,34.81166458129883,250,42.51539611816406,194,47.880149841308594,233,26.313766479492188,339,26.313766479492188,332,26.313766479492188,234,51.665653228759766,228,26.313766479492188,217,26.313766479492188,257
24.710227966308594,160,41.08340835571289,112,42.23381042480469,182,46.27597427368164,267,43.44527053833008,245,51.32276916503906,294,44.878150939941406,327,33.616241455078125,234,63.56614685058594,321,71.56727600097656,295,42.768798828125,101,42.768798828125,97,22.656957626342773,105,70.32642364501953,94,42.768798828125,106,89.06721496582031,307,93.25586700439453,345,62.12615203857422,100,70.02239227294922,252,22.656957626342773,278,22.656957626342773,198
29.623760223388672,138,45.721946716308594,123,31.72748565673828,140,22.701679229736328,226,21.079458236694336,145,28.270673751831055,256,12.127313613891602,311,28.270673751831055,254,13.939221382141113,293,23.8918399810791,281,37.046932220458984,272,30.750469207763672,215,15.790278434753418,370,48.93136215209961,219,14.919304847717285,319,37.15058517456055,325,34.44672393798828,315,45.037506103515625,390,43.87761306762695,209,47.046443939208984,203,29.51800537109375,231
27.76667594909668,142,30.08710289001465,134,9.581201553344727,153,16.431285858154297,229,13.873164176940918,209,29.551355361938477,205,35.64260482788086,263,17.182870864868164,190,34.2678337097168,231,34.2678337097168,215,22.483186721801758,80,34.544288635253906,73,15.195820808410645,97,41.65998458862305,75,25.243244171142578,91,34.66081237792969,282,36.30397033691406,249,31.084747314453125,93,39.69511032104492,188,17.234025955200195,198,35.036964416503906,207
26.7261962890625,177,26.7261962890625,112,34.38532638549805,182,79.50176239013672,236,31.556289672851562,205,51.858978271484375,177,29.8181209564209,250,27.20192527770996,171,95.46513366699219,219,42.97850036621094,188,48.89349365234375,74,48.89349365234375,70,31.191593170166016,79,48.89349365234375,65,32.45791244506836,78,15.254627227783203,230,95.62960815429688,234,10.64371109008789,84,100.90914916992188,218,10.64371109008789,227,185.46337890625,208
71.03367614746094,136,109.6984634399414,140,71.03367614746094,153,71.03367614746094,208,79.3334732055664,182,100.32994842529297,121,9.790276527404785,209,22.546058654785156,104,9.790276527404785,170,73.71122741699219,142,9.790276527404785,99,13.242786407470703,96,9.790276527404785,103,13.242786407470703,94,74.02450561523438,98,158.85977172851562,276,310.8869934082031,272,179.795166015625,108,179.795166015625,217,179.795166015625,188,179.795166015625,246
14.939867973327637,160,12.893392562866211,153,26.084930419921875,162,55.1873664855957,207,38.40030288696289,181,43.21186065673828,203,55.1873664855957,290,47.810577392578125,181,55.1873664855957,249,22.511211395263672,219,27.461824417114258,139,31.61079978942871,124,56.451236724853516,223,131.7575225830078,109,17.312469482421875,177,103.9888687133789,292,109.06230926513672,308,53.918785095214844,232,53.918785095214844,208,89.43948364257812,216,142.18798828125,201
88.79780578613281,190,35.992794036865234,139,21.363985061645508,226,16.375364303588867,311,16.375364303588867,275,47.606685638427734,147,151.68655395507812,164,92.57286834716797,138,212.8666229248047,151,47.606685638427734,152,116.59918975830078,47,65.19075012207031,48,151.68655395507812,48,138.69261169433594,41,151.68655395507812,48,67.22004699707031,326,48.43195343017578,173,48.88560485839844,56,87.15080261230469,304,48.43195343017578,254,48.43195343017578,237
215.1148223876953,79,66.30743408203125,82,124.28875732421875,157,40.33747100830078,222,40.97782516479492,192,32.881465911865234,66,40.269287109375,121,32.26483917236328,60,32.26483917236328,71,32.881465911865234,68,80.06610107421875,120,56.50918960571289,96,38.67452621459961,133,59.2252197265625,92,57.4050178527832,123,63.24406051635742,259,24.024097442626953,170,63.33906936645508,168,24.014110565185547,233,63.33906936645508,217,63.33906936645508,217
29.146093368530273,145,33.12309646606445,151,31.24928855895996,155,18.892789840698242,225,24.64520263671875,163,22.254331588745117,236,17.275218963623047,286,24.003250122070312,237,25.303083419799805,245,22.229084014892578,239,27.260278701782227,94,19.191455841064453,102,18.200632095336914,132,33.033504486083984,96,16.0079288482666,108,42.25180435180664,265,36.85609817504883,308,39.54985427856445,127,40.85042190551758,216,42.25180435180664,187,27.157705307006836,190
